title,author,rating,date_read,date_added,isbn,pages,format
The 12 Week Year,"Moran, Brian P.",4.0,"Dec 09, 2025","Dec 08, 2025",,208,Nook
The Power of Habit: Why We Do What We Do in Life and Business,"Duhigg, Charles *",,not set,"Dec 08, 2025",1400069289,375,Hardcover
No Longer Human,"Dazai, Osamu",,not set,"Dec 06, 2025",,176,Paperback
Easy Way to Control Alcohol,"Carr, Allen",4.0,"Dec 03, 2025","Dec 03, 2025",0572028504,188,Paperback
"Funny, You Don't Look Autistic: A Comedian's Guide to Life on the Spectrum","McCreary, Michael",4.0,"Nov 30, 2025","Nov 30, 2025",1773212575,166,Paperback
438 Days: An Extraordinary True Story of Survival at Sea,"Franklin, Jonathan *",,not set,"Nov 18, 2025",1501116290,288,Hardcover
"The Year of Less: How I Stopped Shopping, Gave Away My Belongings, and Discovered Life Is Worth More Than Anything You Can Buy in a Store","Flanders, Cait *",4.0,"Nov 12, 2025","Nov 12, 2025",1401954871,189,Hardcover
Windswept & Interesting: My Autobiography,"Connolly, Billy",5.0,"Nov 10, 2025","Nov 10, 2025",,356,Kindle Edition
The Heart Is a Lonely Hunter,"McCullers, Carson",,not set,"Nov 08, 2025",0618084746,359,Paperback
Eugene V. Debs Speaks,"Debs, Eugene V.",,not set,"Nov 07, 2025",0873481321,328,Paperback
Labor and Freedom,"Debs, Eugene V.",,not set,"Nov 07, 2025",,175,
Writings of Eugene V. Debs,"Debs, Eugene V.",,not set,"Nov 07, 2025",1934941484,172,Paperback
On Tyranny: Twenty Lessons from the Twentieth Century,"Snyder, Timothy *",4.0,"Nov 04, 2025","Nov 03, 2025",0804190119,127,Paperback
The Unbearable Lightness of Being,"Kundera, Milan",,not set,"Nov 02, 2025",0571224385,314,Paperback
Patrice Lumumba: Africa's Lost Leader,"Zeilig, Leo *",,not set,"Oct 30, 2025",190579102X,176,Paperback
"Lumumba Speaks: The Speeches and Writings of Patrice Lumumba, 1958-1961","Lumumba, Patrice",,not set,"Oct 30, 2025",0316536504,433,Paperback
Strategic Analytics: The Insights You Need from Harvard Business Review,Harvard Business Review,4.0,"Oct 30, 2025","Oct 29, 2025",1633698998,160,Kindle Edition
"Believe Me: A Memoir of Love, Death, and Jazz Chickens","Izzard, Eddie",5.0,"Oct 27, 2025","Oct 26, 2025",1611764696,15,Audio CD
"The AI-Powered Enterprise: Harness the Power of Ontologies to Make Your Business Smarter, Faster, and More Profitable","Earley, Seth",,not set,"Oct 16, 2025",1928055524,419,Kindle Edition
Through jungle and desert;: Travels in eastern Africa,"Chanler, William Astor",,not set,"Oct 13, 2025",0403004381,535,Hardcover
Can Everyone Please Calm Down?: A Guide to 21st Century Sexuality,"Martin, Mae",5.0,"Oct 11, 2025","Oct 11, 2025",152636171X,288,Kindle Edition
Mae Martin's Guide to 21st Century Addiction and Sexuality,"Martin, Mae",,not set,"Oct 11, 2025",1787537579,2,Audiobook
A Little Gay History: Desire and Diversity Around the World,"Parkinson, R.B.",,not set,"Oct 10, 2025",0714151009,128,Paperback
AFTERSHOCK: Essays from Hong Kong,"Chan, Holmes",,not set,"Oct 06, 2025",9887734578,91,Paperback
Maximum City: Bombay Lost and Found,"Mehta, Suketu",,not set,"Oct 04, 2025",0375703403,542,Paperback
Route 666: On the Road to Nirvana,"Arnold, Gina",,not set,"Oct 02, 2025",0312093764,228,Paperback
The Long Walk,"Bachman, Richard",4.0,Oct 2025,"Oct 01, 2025",0451196716,370,Mass Market Paperback
Embrace Discomfort: Lean Into Challenge to Improve Your Life,"Easter, Michael *",4.0,"Sep 29, 2025","Sep 29, 2025",,unknown,Audible Audio
The Middle Passage: From Misery to Meaning in Midlife,"Hollis, James",,not set,"Sep 25, 2025",0919123600,127,Paperback
Football Against the Enemy,"Kuper, Simon",,not set,"Sep 24, 2025",1857975588,256,Hardcover
Road Work,"King, Stephen *",,not set,"Sep 22, 2025",,unknown,Unknown Binding
Policing the Pleasuredome: Kowloon 1992,"Sharp, Mike",,not set,"Sep 20, 2025",,282,Kindle Edition
A Doll's House,"Ibsen, Henrik",,not set,"Sep 17, 2025",1406914835,122,Paperback
White Nights and Other Stories,"Dostoyevsky, Fyodor",,not set,"Sep 15, 2025",9361901508,389,Kindle Edition
The First 90 Days: Critical Success Strategies for New Leaders at All Levels,"Watkins, Michael D.",3.0,"Aug 20, 2025","Aug 19, 2025",1422188612,304,Hardcover
The Bell Jar,"Plath, Sylvia",,not set,"Aug 16, 2025",0060837020,288,Paperback
Yardsticks For Failure: Adventures in Friendship and Fluster: the hilarious debut from the Taskmaster Season 15 contestant,"Graham, Ivo",4.0,"Aug 13, 2025","Aug 13, 2025",1035411326,306,Kindle Edition
All Watched Over by Machines of Loving Grace,"Brautigan, Richard",4.0,"Aug 11, 2025","Aug 11, 2025",,36,Paperback
If a Lion Could Talk,"Walker, Mildred",,not set,"Aug 11, 2025",0803297785,277,Paperback
How to Find Fulfilling Work         (School of Life Book 2),"Krznaric, Roman *",5.0,"Aug 29, 2025","Aug 05, 2025",0230766110,161,Kindle Edition
The Impossible City: A Hong Kong Memoir,"Cheung, Karen",4.0,"Oct 09, 2025     not set","Aug 01, 2025",0593241436,352,Hardcover
Havana Gold: The Havana Quartet,"Padura Fuentes, Leonardo",,not set,"Jul 24, 2025",1913394298,288,Kindle Edition
"Toxic: Women, Fame, and the Tabloid 2000s","Ditum, Sarah",,not set,"Jul 20, 2025",1419763113,352,Hardcover
"Getting Better: Life lessons on going under, getting over it, and getting through it","Rosen, Michael",5.0,"Jul 08, 2025","Jul 08, 2025",,252,Kindle Edition
Carrie Soto Is Back,"Reid, Taylor Jenkins *",,not set,"Jul 01, 2025",,359,Kindle Edition
Help,"Amstell, Simon",5.0,"Jun 19, 2025","Jun 18, 2025",1910931543,209,Hardcover
DarkMarket: How Hackers Became the New Mafia,"Glenny, Misha *",,not set,"Jun 11, 2025",0099546558,432,Paperback
Eleanor Oliphant Is Completely Fine,"Honeyman, Gail",3.0,"Jun 08, 2025","Jun 08, 2025",,401,Kindle Edition
Marco Polo and the Wonders of the East,"Marcovitz, Hal",3.0,"May 27, 2025","May 27, 2025",0791055116,112,Library Binding
"Hack Your Body, Heal Your Mind","Studios, Bbc",4.0,"May 21, 2025","May 20, 2025",,3,Audible Audio
Training the Mind and Cultivating Loving-Kindness,"Trungpa, Chögyam",4.0,"May 14, 2025","May 13, 2025",1590300513,144,Paperback
"Blueprint for Revolution: How to Use Rice Pudding, Lego Men, and Other Nonviolent Techniques to Galvanize Communities, Overthrow Dictators, or Simply Change the World","Popovic, Srdja",,not set,"May 13, 2025",0812995309,304,Paperback
Unwired: Gaining Control over Addictive Technologies,"Bernstein, Gaia *",,not set,"May 13, 2025",100925796X,248,Kindle Edition
Homeseeking,"Chen, Karissa *",,not set,"May 08, 2025",0593712994,512,Hardcover
Mỹ Documents,"Nguyen, Kevin *",,not set,"May 07, 2025",0593731689,352,Hardcover
Disappoint Me,"Dinan, Nicola",,not set,"May 07, 2025",0593977874,320,Hardcover
Luminous,"Park, Silvia *",,not set,"May 07, 2025",1668021668,391,Hardcover
The Emperor of Gladness,"Vuong, Ocean",,not set,"May 07, 2025",059383187X,416,Hardcover
Selected Poems of Ezra Pound,"Pound, Ezra",,not set,"May 02, 2025",0811201627,184,Paperback
And Away...,"Mortimer, Bob",4.0,"Apr 30, 2025","Apr 30, 2025",1398505293,323,Hardcover
The Age of Unpeace: How Connectivity Causes Conflict,"Leonard, Mark",,not set,"Apr 25, 2025",1787634655,240,Hardcover
What Does China Think?,"Leonard, Mark",5.0,"Apr 25, 2025","Apr 25, 2025",1586484842,176,Hardcover
Sunrise on the Reaping,"Collins, Suzanne",,"Apr 25, 2025","Apr 23, 2025",0702340588,420,
Orbital,"Harvey, Samantha",4.0,"Apr 22, 2025","Apr 21, 2025",0802161545,224,Hardcover
The Chronicles of DOOM: Unraveling Rap's Masked Iconoclast,"Jr., S.H. Fernando",,not set,"Apr 05, 2025",1662602170,352,Hardcover
Fear of Flying,"Jong, Erica",,not set,"Apr 03, 2025",,461,Paperback
This Charming Man,"Keyes, Marian",5.0,"Mar 27, 2025","Mar 27, 2025",0718149122,704,Hardcover
Glutton: The Multi-Course Life of a Very Greedy Boy,"Gamble, Ed",4.0,"Mar 25, 2025","Mar 25, 2025",1529194695,279,Kindle Edition
Waiting for Robots: The Hired Hands of Automation,"Casilli, Antonio A.",,not set,"Mar 22, 2025",0226820955,325,Paperback
"My Animals, and Other Animals: A memoir of sorts","Bailey, Bill",4.0,"Mar 18, 2025","Mar 18, 2025",1529436168,304,Kindle Edition
The Man with the Compound Eyes,"Wu, Ming-Yi",4.0,"Mar 09, 2025","Mar 08, 2025",1448130905,304,Kindle Edition
What White People Can Do Next: From Allyship to Coalition – An Empowering Guide to Interrogating Whiteness and Creating Justice,"Dabiri, Emma",5.0,"Mar 09, 2025","Mar 08, 2025",006311271X,176,Paperback
'There Ain't no Black in the Union Jack': The Cultural Politics of Race and Nation,"Gilroy, Paul",,not set,"Mar 05, 2025",0226294277,280,Paperback
The Seven Husbands of Evelyn Hugo,"Reid, Taylor Jenkins *",,not set,"Feb 28, 2025",,398,Kindle Edition
The Message,"Coates, Ta-Nehisi",,not set,"Feb 26, 2025",0593230388,232,Hardcover
Selected Poems,"Hughes, Langston",,not set,"Feb 24, 2025",067972818X,297,Paperback
The Collected Poems,"Hughes, Langston",,not set,"Feb 24, 2025",0679764089,736,Paperback
Like the Singing Coming off the Drums: Love Poems,"Sanchez, Sonia",,not set,"Feb 24, 2025",0807068438,144,Paperback
Homegirls & Handgrenades         (Celebrating Black Women Writers Book 8),"Sanchez, Sonia",5.0,"Jul 24, 2025","Feb 24, 2025",0807012963,104,Kindle Edition
Shake Loose My Skin: New and Selected Poems,"Sanchez, Sonia",,not set,"Feb 24, 2025",0807068535,168,Paperback
Sufjan Stevens' Carrie & Lowell         (33 1/3),"Mayward, Joel",,not set,"Feb 22, 2025",,160,Paperback
Stone Roses’ The Stone Roses         (33 1/3),"Green, Alex *",,not set,"Feb 22, 2025",,141,Kindle Edition
Modest Mouse’s The Moon & Antarctica         (33 1/3),"Petit, Zachary *",,not set,"Feb 22, 2025",,160,Paperback
Nick Drake's Pink Moon         (33 1/3),"Petrusich, Amanda *",,not set,"Feb 22, 2025",,unknown,Audible Audio
A Tribe Called Quest's People's Instinctive Travels And the Paths of Rhythm         (33 1/3),"Taylor, Shawn",,not set,"Feb 22, 2025",,128,Paperback
The Minutemen's Double Nickels on the Dime         (33 1/3 Book 45),"Fournier, Michael T. *",,not set,"Feb 22, 2025",1441122168,124,Kindle Edition
Oasis' Definitely Maybe         (33 1/3),"Niven, Alex",4.0,"Jun 02, 2025","Feb 22, 2025",1623566762,141,Kindle Edition
Dinosaur Jr.'s You're Living All Over Me         (33 1/3 Book 82),"Attfield, Nick",,not set,"Feb 22, 2025",,160,Kindle Edition
Pavement's Wowee Zowee         (33 1/3),"Charles, Bryan",,not set,"Feb 22, 2025",1441103775,160,Kindle Edition
Outkast's Aquemini         (33 1/3),"Schmelling, Michael",,not set,"Feb 22, 2025",0826429084,144,Paperback
Elliott Smith's XO         (33 1/3 Book 63),"LeMay, Matthew",,not set,"Feb 22, 2025",1441160094,143,Kindle Edition
Slint's Spiderland         (33 1/3 Book 75),"Tennent, Scott",5.0,"Apr 03, 2025","Feb 22, 2025",,160,Kindle Edition
J Dilla's Donuts         (33 1/3 Book 93),"Ferguson, Jordan *",,not set,"Feb 22, 2025",162356719X,153,Kindle Edition
Men Without Women,"Murakami, Haruki",4.0,"Feb 21, 2025","Feb 20, 2025",0385689454,242,Kindle Edition
Memorial Days,"Brooks, Geraldine *",,not set,"Feb 13, 2025",059365398X,224,Hardcover
Year of Wonders,"Brooks, Geraldine *",,not set,"Feb 13, 2025",0142001430,304,Paperback
North Woods,"Mason, Daniel *",,not set,"Feb 13, 2025",0593597036,372,Hardcover
The Eden Express: A Memoir of Insanity,"Vonnegut, Mark *",,not set,"Feb 05, 2025",1583225439,304,Paperback
The Song of Achilles,"Miller, Madeline *",5.0,"Feb 03, 2025","Feb 03, 2025",,0,Unbound
The Genocides,"Disch, Thomas M.",,not set,"Feb 02, 2025",0375705465,162,Paperback
Camp Concentration,"Disch, Thomas M.",,not set,"Feb 02, 2025",0375705457,184,Paperback
The White Album,"Didion, Joan",4.0,"Feb 03, 2025","Feb 02, 2025",0374532079,224,Paperback
World Builders: Technology and the New Geopolitics,"Maçães, Bruno",,not set,"Jan 31, 2025",1009397389,274,Hardcover
"The Ballad of Songbirds and Snakes         (The Hunger Games, #0)","Collins, Suzanne",,"Feb 23, 2025","Jan 30, 2025",0702300187,541,Kindle Edition
The Vegetarian,"Han, Kang",5.0,"Jan 31, 2025","Jan 30, 2025",0553448188,158,Hardcover
Galatea,"Miller, Madeline *",5.0,"Jan 29, 2025","Jan 29, 2025",1408848147,27,Kindle Edition
The Art of Loving,"Fromm, Erich",5.0,"Jan 28, 2025","Jan 28, 2025",0061129739,180,Paperback
Fever Pitch,"Hornby, Nick",,not set,"Jan 27, 2025",1573226882,247,Paperback
How to Tell a Story and Other Essays,"Twain, Mark",3.0,"Jan 23, 2025","Jan 22, 2025",0195101499,336,Hardcover
On the Decay of the Art of Lying,"Twain, Mark",5.0,not set,"Jan 22, 2025",1557090742,32,Hardcover
AI Ethics,"Coeckelbergh, Mark",4.0,"Jan 23, 2025","Jan 22, 2025",0262538199,248,Paperback
The Diaries of Adam and Eve,"Twain, Mark",5.0,"Jan 21, 2025","Jan 20, 2025",,95,Paperback
Fresh India,"Sodha, Meera",,not set,"Jan 18, 2025",0241200423,304,Hardcover
"The Coming Wave: Technology, Power, and the Twenty-first Century's Greatest Dilemma","Suleyman, Mustafa",5.0,"Jan 17, 2025","Jan 16, 2025",0593593952,332,Hardcover
We,"Zamyatin, Yevgeny",4.0,not set,"Jan 14, 2025",0140185852,256,Paperback
Hidden Potential: The Science of Achieving Greater Things,"Grant, Adam M. *",5.0,"Feb 25, 2025","Jan 14, 2025",0593653149,304,Hardcover
"Stay Alive, My Son","Yathay, Pin",,not set,"Jan 14, 2025",0801486998,272,Paperback
In the Shadow of the Banyan,"Ratner, Vaddey *",,not set,"Jan 13, 2025",,338,Kindle Edition
The Essence of the Heart Sutra: The Dalai Lama's Heart of Wisdom Teachings,Dalai Lama XIV,3.0,"Jan 14, 2025","Jan 13, 2025",0861712846,180,Paperback
Forever Changes,"Hultkrans, Andrew",4.0,"Jan 04, 2025","Jan 04, 2025",0826414931,136,Paperback
The Communist Manifesto,"Marx, Karl",4.0,Jan 2025,"Jan 03, 2025",0140447571,288,Paperback
Strong Female Character,"Brady, Fern *",5.0,"Dec 29, 2024","Dec 24, 2024",1914240448,288,Hardcover
Eleven Rings: The Soul of Success,"Jackson, Phil",,not set,"Dec 05, 2024",1611761670,unknown,Audio CD
Coraline,"Gaiman, Neil *",5.0,"Nov 30, 2024","Nov 29, 2024",0061139378,208,Paperback
"The Wee Free Men         (Discworld, #30; Tiffany Aching, #1)","Pratchett, Terry",,not set,"Nov 25, 2024",0060012382,375,Mass Market Paperback
"A Hat Full of Sky         (Discworld, #32; Tiffany Aching, #2)","Pratchett, Terry",,not set,"Nov 25, 2024",055255264X,352,Mass Market Paperback
Politics On the Edge: A Memoir From Within,"Stewart, Rory",,not set,"Nov 20, 2024",,436,Kindle Edition
Jailbird,"Vonnegut Jr., Kurt",3.0,"Nov 20, 2024","Nov 19, 2024",0385333900,310,Paperback
Is That it?,"Geldof, Bob",,not set,"Nov 16, 2024",0330442929,423,Paperback
JUST FOR ONE HOUR: Moments I pinched myself in the music industry,"Kennedy, John *",,"Dec 28, 2024     not set     not set     not set","Nov 11, 2024",1068518413,unknown,Kindle Edition
English Poems,"Pessoa, Fernando",4.0,"Nov 10, 2024","Nov 09, 2024",9898392444,65,Kindle Edition
"Night Watch         (Discworld, #29; City Watch, #6)","Pratchett, Terry",,not set,"Nov 01, 2024",055215430X,480,Paperback
Desiderata of Happiness,"Ehrmann, Max",,not set,"Oct 31, 2024",051788514X,62,Paperback
Go Big: How To Fix Our World,"Miliband, Ed",5.0,"Jan 13, 2025","Oct 30, 2024",184792624X,288,Hardcover
Chasing the Dragon: One Womans Struggle Against the Darkness of Hong Kong's Drug Dens,"Pullinger, Jackie",,not set,"Oct 29, 2024",0830734007,256,Paperback
"Quiet Leadership: Winning Hearts, Minds and Matches","Ancelotti, Carlo",5.0,"Nov 24, 2024","Oct 28, 2024",,312,Kindle Edition
The Poems of Max Ehrmann,"Ehrmann, Max",,not set,"Oct 28, 2024",,95,Hardcover
Jonathan Strange & Mr Norrell,"Clarke, Susanna",,not set,"Oct 25, 2024",,"1,006",Paperback
"Again, Rachel         (Walsh Family, #6)","Keyes, Marian",5.0,Oct 2024,"Oct 24, 2024",0241441137,577,Paperback
Dream of the Red Chamber,Cao Xueqin,,not set,"Oct 21, 2024",0385093799,329,Paperback
Man After Man: An Anthropology of the Future,"Dixon, Dougal",,not set,"Oct 21, 2024",0312035608,128,Hardcover
Desiderata - A Survival Guide For Life,"Ehrmann, Max",,not set,"Oct 21, 2024",009188909X,56,Paperback
The Sciences of the Artificial,"Simon, Herbert A.",,not set,"Oct 21, 2024",0262691914,248,Paperback
Sources of Power: How People Make Decisions,"Klein, Gary",,not set,"Oct 21, 2024",0262611465,338,Paperback
The Black Swan: The Impact of the Highly Improbable,"Taleb, Nassim Nicholas *",,not set,"Oct 20, 2024",1400063515,480,Hardcover
The Essential Dogen: Writings of the Great Zen Master,Dōgen,5.0,"Oct 14, 2024","Oct 14, 2024",1611800412,272,Paperback
Black Arsenal,"Nwonka, Clive",5.0,Oct 2024,"Oct 12, 2024",139961374X,307,Kindle Edition
The Alastair Campbell Diaries: Volume One: Prelude to Power 1994-1997,"Campbell, Alastair",,not set,"Oct 09, 2024",0091797268,774,Hardcover
How to Win the Premier League: The Inside Story of Football’s Data Revolution,"Graham, Ian *",4.0,"Oct 03, 2024","Oct 03, 2024",1804950319,295,Kindle Edition
Neil Young's Harvest,"Inglis, Sam",4.0,"Oct 09, 2024","Sep 30, 2024",,128,Kindle Edition
Smile at Fear: Awakening the True Heart of Bravery,"Trungpa, Chögyam",4.0,"Sep 28, 2024","Sep 27, 2024",1590306961,124,Hardcover
How to Score: Science and the Beautiful Game,"Bray, Ken",,not set,"Sep 27, 2024",1862079889,229,Paperback
The Penguin History of Latin America,"Williamson, Edwin",,not set,"Sep 25, 2024",0140125590,631,Paperback
Striker!,"Bruce, Steve R.",3.0,"Sep 16, 2024","Sep 15, 2024",1841990116,128,Paperback
The Call of the Weird: Travels in American Subcultures,"Theroux, Louis",4.0,"Aug 21, 2024","Aug 21, 2024",0306815036,266,Hardcover
Weirdo,"Pascoe, Sara",4.0,Aug 2024,"Aug 17, 2024",0571374522,359,Hardcover
Bluets,"Nelson, Maggie",,not set,"Aug 14, 2024",1933517409,112,Paperback
Joy Division's Unknown Pleasures (33 1/3) by Chris Ott         (33 1/3) by Chris Ott (2003-10-30),"Ott, Chris",4.0,"Aug 07, 2024","Aug 07, 2024",,unknown,Unknown Binding
"The Bullet That Missed         (Thursday Murder Club, #3)","Osman, Richard",3.0,Aug 2024,"Aug 03, 2024",0241512425,413,Hardcover
The Art of Not Being Governed: An Anarchist History of Upland Southeast Asia,"Scott, James C.",,not set,"Jul 31, 2024",0300152280,464,Hardcover
Seeing Like a State: How Certain Schemes to Improve the Human Condition Have Failed,"Scott, James C.",,not set,"Jul 31, 2024",0300078153,461,Paperback
I Swear I Was There,"Nolan, David",,not set,"Jul 24, 2024",0954970497,208,Paperback
Kierkegaard: Great Thinkers on Modern Life,"Ferguson, Robert",,not set,"Jul 21, 2024",1605988049,120,Paperback
Candide,Voltaire,4.0,"Jul 21, 2024","Jul 20, 2024",0486266893,129,Paperback
Bergson,"Foley, Michael",5.0,"Jul 20, 2024","Jul 20, 2024",1605986763,124,Paperback
The Diary of a Young Girl,"Frank, Anne",,not set,"Jul 19, 2024",,283,Mass Market Paperback
Knife: Meditations After an Attempted Murder,"Rushdie, Salman",,not set,"Jul 18, 2024",0593730240,209,Hardcover
Where Sleeping Girls Lie,"Àbíké-Íyímídé, Faridah *",,not set,"Jul 18, 2024",1250800846,416,Hardcover
Martyr!,"Akbar, Kaveh",,not set,"Jul 18, 2024",0593537610,331,Hardcover
Delicacy,"Wix, Katy",,not set,"Jul 18, 2024",1472261194,288,Hardcover
"No Mud, No Lotus: The Art of Transforming Suffering",Thich Nhat Hanh,4.0,"Jul 18, 2024","Jul 18, 2024",1937006859,128,Paperback
Arkitek Jalanan,"Abdullah, Teme *",,not set,"Jul 17, 2024",9832423430,328,Paperback
Second Treatise of Government,"Locke, John",,not set,"Jul 17, 2024",0915144867,124,Paperback
A Letter Concerning Toleration,"Locke, John",,not set,"Jul 17, 2024",091514560X,72,Paperback
"Sky Above, Great Wind: The Life and Poetry of Zen Master Ryokan",Ryokan,4.0,"Jun 27, 2024","Jun 26, 2024",1590309820,272,Paperback
Under a White Sky: The Nature of the Future,"Kolbert, Elizabeth *",,not set,"Jun 19, 2024",0593136276,234,Hardcover
In the Aeroplane Over the Sea,"Cooper, Kim *",5.0,Jul 2024,"Jun 19, 2024",082641690X,104,Paperback
Stonewall: Breaking Out in the Fight for Gay Rights,"Bausum, Ann *",4.0,"Jun 14, 2024     not set","Jun 13, 2024",0670016799,128,Hardcover
The Bloody Chamber and Other Stories,"Carter, Angela",3.0,Aug 2024,"Jun 11, 2024",014017821X,128,Paperback
The Life And Death Of Andy Warhol,"Bockris, Victor",,not set,"Jun 08, 2024",1857028058,unknown,Paperback
"Rachel's Holiday         (Walsh Family, #2)","Keyes, Marian",5.0,"Jun 07, 2024","Jun 08, 2024",0060090383,578,Paperback
Sidesplitter: How To Be From Two Worlds At Once,"Wang, Phil",5.0,"Jul 27, 2024     Jun 07, 2024","Jun 06, 2024",1529350271,304,Hardcover
Please Kill Me: The Uncensored Oral History of Punk,"McNeil, Legs",,not set,"Jun 05, 2024",0802142648,488,Paperback
"Soul Music         (Discworld, #16; Death, #3)","Pratchett, Terry",3.0,"May 29, 2024","May 29, 2024",057506689X,288,Hardcover
The Amazing Adventures of Phoenix Jones: And the Less Amazing Adventures of Some Other Real-Life Superheroes,"Ronson, Jon",,not set,"May 09, 2024",1101568313,68,Kindle Edition
"This American Life Personalities: David Rakoff, Dan Savage, David Sedaris, John Hodgman, Sarah Vowell, IRA Glass, Jon Ronson, Julia Sweeney","LLC, Books",,not set,"May 09, 2024",1155856872,158,Paperback
Out of the Ordinary: True Tales of Everyday Craziness,"Ronson, Jon",,not set,"May 09, 2024",0330448323,328,Paperback
The Elephant in the Room: A Journey into the Trump Campaign and the “Alt-Right”,"Ronson, Jon",4.0,"May 28, 2024","May 09, 2024",,57,Kindle Edition
Consider the Lobster and Other Essays,"Wallace, David Foster",5.0,"May 10, 2024","May 08, 2024",0316156116,343,Hardcover
Stories of the Sahara,Sanmao,,not set,"May 08, 2024",140888187X,416,Hardcover
String Theory: David Foster Wallace on Tennis,"Wallace, David Foster",,not set,"May 07, 2024",1598534807,138,Hardcover
"Reaper Man         (Discworld, #11; Death, #2)","Pratchett, Terry",3.0,"Apr 30, 2024","Apr 29, 2024",0552152951,289,Paperback
"Jingo         (Discworld, #21; City Watch, #4)","Pratchett, Terry",4.0,"Apr 16, 2024","Apr 15, 2024",0552154164,461,Paperback
To the Lighthouse,"Woolf, Virginia",,not set,"Apr 05, 2024",,209,Paperback
Leaf Storm,"García Márquez, Gabriel",,not set,"Apr 05, 2024",0141032561,119,Paperback
"The Man Who Died Twice         (Thursday Murder Club, #2)","Osman, Richard",4.0,"Apr 05, 2024","Apr 05, 2024",,422,Kindle Edition
A Little Devil in America: Notes in Praise of Black Performance,"Abdurraqib, Hanif",,not set,"Apr 04, 2024",1984801198,301,Hardcover
Crossing the Mangrove,"Condé, Maryse",,not set,"Apr 03, 2024",0385476337,208,Paperback
"Segu         (Ségou, #1)","Condé, Maryse",,not set,"Apr 03, 2024",014025949X,493,Paperback
"I, Tituba, Black Witch of Salem","Condé, Maryse",,not set,"Apr 03, 2024",0345384202,225,Paperback
The Singularity is Near: When Humans Transcend Biology,"Kurzweil, Ray",,not set,"Apr 01, 2024",0143037889,652,Paperback
How to Create a Mind: The Secret of Human Thought Revealed,"Kurzweil, Ray",,not set,"Apr 01, 2024",0670025291,336,Hardcover
"An Historical Relation of the Island Ceylon, in the East-Indies","Knox, Robert",,not set,"Mar 30, 2024",1406529346,unknown,Paperback
Notes from the Underground,"Dostoevsky, Fyodor",,not set,"Mar 29, 2024",,96,Paperback
Micromegas,Voltaire,5.0,"Mar 28, 2024","Mar 28, 2024",0140389024,38,Mass Market Paperback
Civil Disobedience and Other Essays,"Thoreau, Henry David",,not set,"Mar 27, 2024",1420925229,188,Paperback
Walden & Civil Disobedience,"Thoreau, Henry David",,not set,"Mar 27, 2024",0451529456,320,Mass Market Paperback
Running in the Family,"Ondaatje, Michael",4.0,"Apr 02, 2024","Mar 25, 2024",,208,Paperback
Island of a Thousand Mirrors,"Munaweera, Nayomi *",,not set,"Mar 25, 2024",125004393X,242,Hardcover
The Skull,"Dick, Philip K.",2.0,"Mar 23, 2024","Mar 23, 2024",,32,Kindle Edition
Girl on a Train,"Waines, A.J. *",,not set,"Mar 22, 2024",1508647941,434,Paperback
The Audacity,"Ryan, Katherine",4.0,"Mar 21, 2024","Mar 21, 2024",1788704010,294,Kindle Edition
"A Wrinkle in Time         (Time Quintet, #1)","L'Engle, Madeleine",4.0,"Mar 21, 2024","Mar 18, 2024",1250153271,218,Paperback
"Death and What Comes Next         (Discworld, #10.5; Death, #1.5)","Pratchett, Terry",,not set,"Mar 18, 2024",,1,ebook
"Pyramids         (Discworld, #7)","Pratchett, Terry",3.0,"Mar 19, 2024","Mar 18, 2024",0061020656,341,Paperback
If It Bleeds         (Holly Gibney #2),"King, Stephen *",,not set,"Mar 18, 2024",,438,Kindle Edition
Yoga Mala,"jois, K. Pattabhi",4.0,"Mar 12, 2024","Mar 12, 2024",0970050119,137,Hardcover
The Overcoat,"Gogol, Nikolai",,not set,"Mar 11, 2024",1419176528,57,Paperback
Family Happiness and Other Stories,"Tolstoy, Leo",,not set,"Mar 11, 2024",0486440818,208,Paperback
The 120 Days of Sodom,"Sade, Marquis de",,not set,"Mar 11, 2024",1604594187,376,Paperback
Lusts of the Libertines,"Sade, Marquis de",,not set,"Mar 11, 2024",1871592593,unknown,Paperback
The Sunlit Man,"Sanderson, Brandon *",,not set,"Mar 11, 2024",1938570391,447,Hardcover
Good Material,"Alderton, Dolly",,not set,"Mar 11, 2024",059380130X,319,Hardcover
Baby X,"Peikoff, Kira *",,not set,"Mar 11, 2024",1639106332,326,Hardcover
The Essential Dick Gregory,"Gregory, Dick",5.0,"Mar 11, 2024","Mar 11, 2024",0062879200,288,Hardcover
Invisible York,"Simpson, Aden *",5.0,not set,"Mar 09, 2024",0995352356,294,Paperback
The Reincarnation of Tom,"Simpson, Aden *",,not set,"Mar 09, 2024",0995352399,274,Paperback
On Solitude,"Montaigne, Michel de",,not set,"Mar 07, 2024",0141043857,121,Mass Market Paperback
"Troll Bridge         (Discworld, #16.5)","Pratchett, Terry",4.0,"Mar 07, 2024","Mar 06, 2024",,10,
"The Thursday Murder Club         (Thursday Murder Club, #1)","Osman, Richard",4.0,"Mar 04, 2024","Mar 04, 2024",,382,Kindle Edition
The Fifth Child,"Lessing, Doris",,not set,"Mar 03, 2024",0679721827,133,Paperback
Small Worlds,"Nelson, Caleb Azumah",,not set,"Feb 27, 2024",024157434X,260,Paperback
Open Water,"Nelson, Caleb Azumah",4.0,"Mar 08, 2024","Feb 27, 2024",0241448778,145,Hardcover
"Feet of Clay         (Discworld, #19; City Watch, #3)","Pratchett, Terry",4.0,"Feb 28, 2024     not set","Feb 27, 2024",0552153257,368,Paperback
Cunk on Everything: The Encyclopedia Philomena,"Cunk, Philomena",4.0,"Feb 22, 2024","Feb 22, 2024",1538766760,304,Hardcover
Rock Albums of the '70s: A Critical Guide,"Christgau, Robert",,not set,"Feb 21, 2024",0306804093,480,Paperback
The Men Who Stare at Goats,"Ronson, Jon",4.0,"Feb 20, 2024","Feb 20, 2024",0743270606,259,Paperback
Medusa,"Burton, Jessie",5.0,"Feb 16, 2024","Feb 16, 2024",1547607599,224,Hardcover
"Wyrd Sisters         (Discworld, #6; Witches, #2)","Pratchett, Terry",4.0,"Feb 14, 2024","Feb 13, 2024",0061020664,265,Mass Market Paperback
Cuba: Music and revolution: Original album cover art of Cuban music,"Baker, Stuart",,not set,"Feb 13, 2024",1916359809,256,Hardcover
An African American and Latinx History of the United States,"Ortiz, Paul",,not set,"Feb 12, 2024",0807013102,296,Hardcover
"Africa United: Soccer, Passion, Politics, and the First World Cup in Africa – From Cairo to the Cape: An Investigative Account","Bloomfield, Steve",,not set,"Feb 12, 2024",0061984957,299,Paperback
The Prophet,"Gibran, Kahlil",5.0,"Mar 26, 2024","Feb 12, 2024",000100039X,127,Paperback
"Men at Arms         (Discworld, #15; City Watch, #2)","Pratchett, Terry",5.0,"Feb 12, 2024","Feb 11, 2024",0061092193,377,Mass Market Paperback
"Theatre of Cruelty         (Discworld, #14.5; City Watch, #1.5)","Pratchett, Terry",4.0,not set,"Feb 11, 2024",,4,ebook
Whats That Lady Doing? False starts and happy endings.,"Sanders, Lou",5.0,"Feb 11, 2024","Feb 11, 2024",1788708571,288,Hardcover
"The Luck Factor: Changing Your Luck, Changing Your Life - The Four  Essential Principles","Wiseman, Richard",,not set,"Feb 10, 2024",0786869143,240,Hardcover
"Myths and Maxims: A Catalog of Superstitions, Spirits and Sayings of Trinidad and Tobago and the Caribbean","Leid, Josanne",5.0,"Feb 10, 2024","Feb 10, 2024",0993768407,102,Kindle Edition
Riding the Bullet,"King, Stephen *",4.0,"Feb 06, 2024","Feb 05, 2024",0743525876,66,Audio Cassette
"Graveyard Shift, and Other Stories from Night Shift","King, Stephen *",5.0,"Feb 04, 2024","Feb 04, 2024",0553472453,0,Audio Cassette
Sinbad,"Vonnegut Jr., Kurt",4.0,"Feb 04, 2024","Feb 04, 2024",,30,Kindle Edition
Rumi: Tales to Live By,"Kapur, Kamla K. *",4.0,Feb 2024,"Jan 31, 2024",9386348934,165,Paperback
Dreams,"Jung, Carl",,not set,"Jan 28, 2024",0691017921,354,Paperback
Synchronicity: An Acausal Connecting Principle,"Jung, Carl",,not set,"Jan 28, 2024",0691017948,115,Paperback
The Undiscovered Self,"Jung, Carl",,not set,"Jan 28, 2024",0451217322,112,Paperback
Man and His Symbols,"Jung, Carl",,not set,"Jan 28, 2024",0440351839,415,Mass Market Paperback
Fog,"Sandburg, Carl",,not set,"Jan 20, 2024",,unknown,Unknown Binding
Selected Poems,"Sandburg, Carl",,not set,"Jan 20, 2024",159853100X,220,Hardcover
Abraham Lincoln: The Prairie Years and the War Years,"Sandburg, Carl",,not set,"Jan 20, 2024",0883658321,762,Hardcover
"Carl Sandburg         (Poetry for Young People, #3)","Sandburg, Carl",,not set,"Jan 20, 2024",0806908181,48,Hardcover
Total Loss Farm: A Year in the Life,"Mungo, Raymond",,not set,"Jan 16, 2024",0914842161,179,Hardcover
The Marijuana Chronicles,"Santlofer, Jonathan",,not set,"Jan 16, 2024",1617751634,280,Paperback
Slice of Life,"Vonnegut Jr., Kurt",4.0,"Jan 13, 2024","Jan 13, 2024",0795349769,32,Kindle Edition
Foster,"Keegan, Claire",3.0,"Dec 31, 2023","Dec 31, 2023",0571255655,89,Paperback
"Before the Coffee Gets Cold         (Before the Coffee Gets Cold, #1)","Kawaguchi, Toshikazu",5.0,"Dec 28, 2023","Dec 28, 2023",1529029589,213,Paperback
Losing the Plot,"Owusu, Derek",4.0,"Dec 27, 2023","Dec 27, 2023",1838855637,123,Kindle Edition
Dancehall: The Story of Jamaican Dancehall Culture By Beth Lesser,"Lesser, Beth",,not set,"Dec 22, 2023",0955481716,216,Paperback
"The History of Sexuality, Volume 1: An Introduction","Foucault, Michel",,not set,"Dec 22, 2023",0679724699,176,Paperback
The History of Trinidad and Tobago: Soca Dreams and Rainforest Streams,"Floras-Lopez, Isabella",5.0,"Dec 10, 2023","Dec 10, 2023",,85,Kindle Edition
History of the People of Trinidad & Tobago,"Williams, Eric",,not set,"Dec 10, 2023",1881316653,292,Hardcover
The Third Sex: Kathoey: Thailand's Ladyboys,"Totman, Richard",5.0,"Nov 28, 2023","Nov 27, 2023",0285636685,196,Hardcover
Ascension,"Binge, Nicholas *",,not set,"Nov 22, 2023",0593539583,344,Hardcover
Summary & Study Guide Among the Thugs by Bill Buford,BookRags,,not set,"Nov 21, 2023",,31,Kindle Edition
Among the Thugs,"Buford, Bill",,not set,"Nov 21, 2023",0679745351,320,Paperback
"Why Nations Fail: The Origins of Power, Prosperity, and Poverty","Acemoğlu, Daron",,not set,"Nov 14, 2023",0307719219,529,Hardcover
A Bend in the River,"Naipaul, V.S.",,not set,"Nov 12, 2023",0330487140,336,Paperback
A House for Mr Biswas,"Naipaul, V.S.",,not set,"Nov 12, 2023",0330487191,623,Paperback
The Dragon Can't Dance,"Lovelace, Earl",5.0,"Dec 27, 2023","Nov 12, 2023",0892552727,240,Paperback
Brighter Sun,"Selvon, Sam",,not set,"Nov 12, 2023",0582642655,240,Paperback
The Lonely Londoners,"Selvon, Sam",,not set,"Nov 12, 2023",0582642647,142,Paperback
The Wine of Astonishment,"Lovelace, Earl",,not set,"Nov 12, 2023",0435988808,160,Paperback
Assisted Dying,"Nanda, Serena",,not set,"Nov 12, 2023",0759119961,220,ebook
Cultural Anthropology by Serena Nanda         (2010-01-01),"Warms, Serena Nanda;Richard L.",,not set,"Nov 12, 2023",,0,Paperback
Sex Slaves: The Trafficking of Women in Asia,"Brown, Louise",,not set,"Nov 12, 2023",1860499031,288,Paperback
"A History of Siam: From the Earliest Times to the Year A.D. 1781, with a Supplement Dealing with More Recent Events","Wood, W.A.R.",,not set,"Nov 06, 2023",1931541108,300,Paperback
Top Eight: How MySpace Changed Music,"Tedder, Michael *",,not set,"Nov 05, 2023",1641606584,400,Hardcover
When Species Meet,"Haraway, Donna J.",,not set,"Oct 04, 2023",0816650462,423,Paperback
The Lifted Veil,"Eliot, George",4.0,"Sep 27, 2023","Sep 27, 2023",0976658305,75,Paperback
Bless the Daughter Raised by a Voice in Her Head,"Shire, Warsan *",5.0,"Sep 26, 2023","Sep 25, 2023",0593134354,86,Paperback
Novacene: The Coming Age of Hyperintelligence,"Lovelock, James E.",5.0,"Aug 11, 2025     Sep 25, 2023","Sep 25, 2023",024139936X,160,Hardcover
Wild Grass on the Riverbank,"Itō, Hiromi",,not set,"Sep 24, 2023",0989804844,103,Paperback
"Scott Pilgrim, Volume 6: Scott Pilgrim's Finest Hour","O'Malley, Bryan Lee",4.0,"Sep 24, 2023","Sep 24, 2023",1934964387,245,Paperback
Rythm Oil: A Journey Through The Music Of The American South,"Booth, Stanley",,not set,"Sep 23, 2023",0306809796,272,Paperback
Under a Hoodoo Moon: The Life of the Night Tripper,"Rebennack, Malcolm John ""Mac""",,not set,"Sep 23, 2023",0312131976,276,Paperback
Sweet Soul Music: Rhythm and Blues and the Southern Dream of Freedom,"Guralnick, Peter",,not set,"Sep 23, 2023",,384,Paperback
It Came From Memphis,"Gordon, Robert",,not set,"Sep 23, 2023",0743410459,336,Paperback
The Planet Remade: How Geoengineering Could Change the World,"Morton, Oliver *",,not set,"Sep 21, 2023",0691148252,440,Hardcover
"It Gets Me Home, This Curving Track","Penman, Ian",5.0,"Dec 24, 2023","Sep 21, 2023",1910695874,182,Paperback
R.U.R.,"Čapek, Karel",,not set,"Sep 21, 2023",,58,Paperback
The Surrender Experiment: My Journey into Life's Perfection,"Singer, Michael A. *",,not set,"Sep 09, 2023",080414110X,252,Paperback
Strangers,"Yamada, Taichi",,not set,"Sep 07, 2023",1932234039,208,Paperback
"I, Robot         (Robot, #0.1)","Asimov, Isaac",,not set,"Sep 06, 2023",0553803700,224,Hardcover
Flowers for Algernon,"Keyes, Daniel",5.0,"Jun 18, 2023     not set","Aug 24, 2023",015603008X,311,Paperback
My Evil Mother,"Atwood, Margaret *",4.0,"Aug 24, 2023","Aug 23, 2023",1662504497,32,Kindle Edition
The Path Is the Goal: A Basic Handbook of Buddhist Meditation,"Trungpa, Chögyam",4.0,"Aug 15, 2023","Aug 15, 2023",0877739706,192,Paperback
"Eric         (Discworld, #9; Rincewind, #4)","Pratchett, Terry",4.0,"Aug 13, 2023","Aug 12, 2023",0380821214,197,Mass Market Paperback
Taking Up Space: The Black Girl’s Manifesto for Change,"Kwakye, Chelsea",,not set,"Aug 10, 2023",1529118530,256,Hardcover
Cultural Studies 1983: A Theoretical History,"Hall, Stuart",,not set,"Aug 10, 2023",0822362635,232,Paperback
Safe: 20 Ways to be a Black Man in Britain Today,"Owusu, Derek",5.0,"Aug 11, 2023","Aug 10, 2023",1409182657,240,Kindle Edition
Local Souls,"Gurganus, Allan",,not set,"Aug 07, 2023",087140379X,352,Hardcover
Oldest Living Confederate Widow Tells All,"Gurganus, Allan",,not set,"Aug 07, 2023",0375726632,736,Paperback
The Uncollected Stories of Allan Gurganus,"Gurganus, Allan",,not set,"Aug 07, 2023",0871403781,240,Hardcover
Superclasico: Inside The Ultimate Derby,"Richards, Joel",4.0,"Jul 20, 2023     not set","Jul 20, 2023",190943003X,53,Kindle Edition
The Debutante,"Ronson, Jon",3.0,"Jul 18, 2023","Jul 18, 2023",,4,Audible Audio
Our Mutual Friend,"Dickens, Charles",3.0,"Jul 18, 2023     not set     not set","Jul 17, 2023",0375761144,801,Paperback
Net Gains: Inside the Beautiful Game’s Analytics Revolution,"O'Hanlon, Ryan",5.0,"Sep 26, 2023","Jul 12, 2023",1419758918,288,Hardcover
Soccer in Sun and Shadow,"Galeano, Eduardo",,not set,"Jul 12, 2023",1859844235,256,Paperback
Danish Dynamite: The Story of Football’s Greatest Cult Team,"Smyth, Rob",4.0,"Jun 18, 2023","Jun 17, 2023",1408844842,256,Paperback
"Titus Groan         (Gormenghast, #1)","Peake, Mervyn",,not set,"Jun 13, 2023",0879514256,396,Paperback
The Invisible Man,"Wells, H.G.",3.0,"Jun 13, 2023","Jun 12, 2023",0451528522,192,Mass Market Paperback
My Year of Rest and Relaxation,"Moshfegh, Ottessa",,not set,"Jun 06, 2023",0525522131,289,Paperback
Into Each Room We Enter without Knowing,"Shanahan, Charif *",4.0,"Sep 19, 2023","Jun 01, 2023",0809335778,92,Paperback
Trace Evidence: Poems,"Shanahan, Charif *",,not set,"Jun 01, 2023",,112,Paperback
Pageboy,"Page, Elliot",4.0,"Aug 19, 2024","Jun 01, 2023",,271,Unknown Binding
"Sourcery         (Discworld, #5; Rincewind, #3)","Pratchett, Terry",4.0,Jun 2023,"Jun 01, 2023",0061020672,276,Mass Market Paperback
City of Night,"Rechy, John",,not set,"May 29, 2023",0802130836,400,Paperback
Gore Vidal: History of The National Security State,"Jay, Paul",,not set,"May 29, 2023",,145,Kindle Edition
The City and the Pillar,"Vidal, Gore",,not set,"May 29, 2023",1400030374,207,Paperback
"Inventing a Nation: Washington, Adams, Jefferson","Vidal, Gore",,not set,"May 29, 2023",0300105924,208,softback
A Load of Hooey,"Odenkirk, Bob *",4.0,"May 28, 2023","May 28, 2023",1938073886,143,Hardcover
Dr. Sun Yat-Sen : his life and achievements,"Yat-Sen, Sun",,not set,"May 23, 2023",,62,Kindle Edition
Moonwalk,"Jackson, Michael",,not set,"May 23, 2023",0385247125,283,Hardcover
Meditation in Action,"Trungpa, Chögyam",4.0,"May 18, 2023","May 17, 2023",1570622027,96,Paperback
"Neverwhere         (London Below, #1)","Gaiman, Neil *",,not set,"May 17, 2023",0060557818,370,Paperback
Born in Tibet,"Trungpa, Chögyam",,not set,"May 17, 2023",1570627142,280,Paperback
The Last Thing to Burn,"Dean, Will",,not set,"May 16, 2023",1982156465,241,Hardcover
Alice Isn't Dead,"Fink, Joseph *",3.0,"May 26, 2023","May 16, 2023",,323,Hardcover
Things Fell Apart,"Ronson, Jon",4.0,"May 16, 2023","May 15, 2023",,3,Audible Audio
"Mort         (Discworld, #4; Death, #1)","Pratchett, Terry",4.0,"May 15, 2023","May 15, 2023",0061020680,243,Mass Market Paperback
The Lurking Fear and Other Stories,"Lovecraft, H.P.",3.0,"May 11, 2023","May 10, 2023",0345326040,182,Mass Market Paperback
The Abortion,"Brautigan, Richard",5.0,"May 10, 2023","May 09, 2023",0224007793,226,Hardcover
The Tell-Tale Heart,"Poe, Edgar Allan",4.0,"May 05, 2023","May 04, 2023",0871917726,31,Library Binding
Callus on My Soul,"Gregory, Dick",,not set,"Apr 27, 2023",1563525542,320,Hardcover
Defining Moments in Black History: Reading Between the Lies,"Gregory, Dick",,not set,"Apr 27, 2023",0062448722,257,Kindle Edition
Nigger,"Gregory, Dick",,not set,"Apr 27, 2023",0671735608,224,Mass Market Paperback
How Do You Live?,"Yoshino, Genzaburo",5.0,"Aug 13, 2023","Apr 27, 2023",1616209771,288,Hardcover
Nothing Like I Imagined [Except For Sometimes],"Kaling, Mindy *",4.0,"Apr 20, 2023     not set","Apr 19, 2023",,118,Kindle Edition
"Guards! Guards!         (Discworld, #8; City Watch, #1)","Pratchett, Terry",4.0,"Apr 20, 2023","Apr 19, 2023",0061020648,376,Mass Market Paperback
The Goldfinch,"Tartt, Donna",,not set,"Apr 14, 2023",0316055433,771,Hardcover
The Secret History,"Tartt, Donna",,not set,"Apr 14, 2023",1400031702,559,Paperback
Childhood’s End,"Clarke, Arthur C.",,not set,"Mar 27, 2023",,224,Mass Market Paperback
The Legend of Sleepy Hollow,"Irving, Washington",2.0,"Mar 22, 2023","Mar 22, 2023",0809594080,108,Paperback
"Equal Rites         (Discworld, #3; Witches, #1)","Pratchett, Terry",5.0,"Mar 21, 2023","Mar 21, 2023",0060855908,228,Paperback
The Prettiest Horse in the Glue Factory,"White, Corey",,not set,"Mar 16, 2023",0670079340,320,Paperback
The Lightning Tree,"Rothfuss, Patrick *",5.0,"Mar 17, 2023","Mar 16, 2023",,93,Unknown Binding
A Clockwork Orange,"Burgess, Anthony",,not set,"Mar 16, 2023",0393341763,240,Paperback
Room,"Donoghue, Emma *",,not set,"Mar 16, 2023",,321,Kindle Edition
"The Slow Regard of Silent Things         (The Kingkiller Chronicle, #2.5)","Rothfuss, Patrick *",4.0,"Mar 16, 2023     not set","Mar 15, 2023",0756410436,159,Hardcover
"The Light Fantastic         (Discworld, #2; Rincewind, #2)","Pratchett, Terry",4.0,"Mar 13, 2023","Mar 13, 2023",0061020702,277,Mass Market Paperback
"The Tombs of Atuan         (Earthsea Cycle, #2)","Le Guin, Ursula K.",4.0,"Mar 08, 2023","Feb 28, 2023",0689845367,180,Mass Market Paperback
The Lottery,"Jackson, Shirley",5.0,"Feb 28, 2023","Feb 28, 2023",1563127873,30,Paperback
"20,000 Leagues Under the Sea and other Classic Novels","Verne, Jules",4.0,"Feb 10, 2023","Feb 10, 2023",1435141822,739,Hardcover
Black Klansman: A Memoir,"Stallworth, Ron",3.0,"Jul 29, 2019     not set     not set","Feb 05, 2023",1250299047,191,Hardcover
How to Train Your Mind: Exploring the Productivity Benefits of Meditation,"Bailey, Chris *",5.0,"Feb 02, 2023","Feb 01, 2023",,unknown,Audiobook
Almond,Sohn Won-Pyung,3.0,"Mar 13, 2023","Jan 22, 2023",0062961373,272,Hardcover
The Things You Can See Only When You Slow Down: How to Be Calm in a Busy World,"Sunim, Haemin",,not set,"Jan 22, 2023",0143130773,288,Hardcover
I Want to Die But I Want to Eat Tteokpokki,"Baek, Se-hee",,not set,"Jan 22, 2023",6237351035,232,Paperback
Love in the Big City,"Park, Sang Young",,not set,"Jan 22, 2023",0802158781,240,Hardcover
"A Wizard of Earthsea         (Earthsea Cycle, #1)","Le Guin, Ursula K.",4.0,"Jan 15, 2023","Jan 15, 2023",,183,Paperback
The Secret History of Christmas,"Bryson, Bill",4.0,"Dec 30, 2022","Dec 29, 2022",,4,Audible Audio
White Noise,"DeLillo, Don",,not set,"Dec 19, 2022",0143129554,320,Paperback
Latin America Diaries: The Sequel to the Motorcycle Diaries,"Guevara, Ernesto Che",3.0,"Dec 31, 2022","Dec 14, 2022",0980429277,180,Paperback
Wuthering Heights,"Brontë, Emily",4.0,"Mar 16, 2023","Dec 14, 2022",,464,Paperback
"Rabbit, Run         (Rabbit Angstrom, #1)","Updike, John",,not set,"Dec 13, 2022",,337,Kindle Edition
Franny and Zooey,"Salinger, J.D.",,not set,"Dec 13, 2022",0316769029,201,Paperback
The Catcher in the Rye,"Salinger, J.D.",,not set,"Dec 13, 2022",0316769177,277,Paperback
A Swim in a Pond in the Rain,"Saunders, George",,not set,"Dec 13, 2022",1984856049,403,Kindle Edition
Tenth of December,"Saunders, George",,not set,"Dec 13, 2022",0812993802,251,Hardcover
Algorithms,"Clark, Sadie",3.0,"Dec 13, 2022","Dec 11, 2022",,3,Audible Audio
"The Wise Man's Fear         (The Kingkiller Chronicle, #2)","Rothfuss, Patrick *",5.0,"Dec 07, 2022","Dec 07, 2022",0756404738,994,Hardcover
"Tomorrow, and Tomorrow, and Tomorrow","Zevin, Gabrielle *",,not set,"Nov 21, 2022",0735243344,416,Hardcover
A Heart That Works,"Delaney, Rob *",5.0,"Nov 18, 2022","Nov 18, 2022",1954118317,196,Hardcover
Alcoholics Anonymous: The Big Book,Alcoholics Anonymous,,not set,"Nov 14, 2022",,554,Kindle Edition
The Princess Bride,"Goldman, William",,not set,"Nov 14, 2022",0345418263,429,Paperback
I'm Glad My Mom Died,"McCurdy, Jennette",4.0,"Nov 13, 2022","Nov 12, 2022",,320,ebook
Eat a Peach,"Chang, David *",,not set,"Nov 10, 2022",152475921X,290,Hardcover
Mother. Wife. Sister. Human. Warrior. Falcon. Yardstick. Turban. Cabbage.,"Delaney, Rob *",,not set,"Nov 09, 2022",081299308X,208,Hardcover
"The Name of the Wind         (The Kingkiller Chronicle, #1)","Rothfuss, Patrick *",5.0,"Nov 11, 2022","Nov 08, 2022",075640407X,662,Hardcover
The Curious Case of Benjamin Button,"Fitzgerald, F. Scott",1.0,"Oct 12, 2022","Oct 31, 2022",1416556052,56,Paperback
Fled Is That Music: 20 Sonnets,"Choi, Tom",3.0,"Oct 31, 2022","Oct 31, 2022",,27,Kindle Edition
First Love,"Turgenev, Ivan",4.0,"Oct 14, 2022","Oct 11, 2022",0974607894,124,Paperback
The Topeka School,"Lerner, Ben",,not set,"Oct 07, 2022",0374277788,282,Hardcover
"The Cabinet of Curiosities         (Pendergast, #3; Nora Kelly, #0B)","Preston, Douglas *",,not set,"Oct 01, 2022",0446611239,629,Paperback
Visual And Other Pleasures,"Mulvey, Laura",,not set,"Sep 23, 2022",0333445295,231,Paperback
Film Theory and Criticism: Introductory Readings,"Mast, Gerald",,not set,"Sep 23, 2022",0195063988,797,Paperback
Expected Goals: The Story of How Data Conquered Football and Changed the Game Forever,"Smith, Rory",5.0,"Sep 22, 2022","Sep 15, 2022",0008484058,299,Kindle Edition
Atomic Habits: An Easy & Proven Way to Build Good Habits & Break Bad Ones,"Clear, James *",5.0,"Sep 04, 2024     Feb 06, 2024     Sep 27, 2022","Sep 15, 2022",,319,Kindle Edition
Get a Fucking Grip,"Kimberley, Mathew",2.0,"Sep 02, 2022","Sep 02, 2022",,unknown,Unknown Binding
James Acaster's Guide to Quitting Social Media,"Acaster, James",3.0,"Sep 09, 2022","Aug 22, 2022",1472288564,304,Hardcover
The Death of Ivan Ilych,"Tolstoy, Leo",3.0,"Aug 26, 2022","Aug 22, 2022",,86,Paperback
Crying in H Mart,"Zauner, Michelle",5.0,"Oct 03, 2022","Aug 22, 2022",0525657746,256,Hardcover
The House of Life: A Magical Adventure That Started With A Girl Who Walked Into Her Death...,"Chow, Vann *",,not set,"Aug 22, 2022",,unknown,Unknown Binding
The Control of Nature,"McPhee, John",,not set,"Jul 31, 2022",0374522596,288,Paperback
1984,"Orwell, George",5.0,"Jun 10, 2024","Jun 06, 2022",,298,ebook
Conversations with People Who Hate Me: 12 Things I Learned from Talking to Internet Strangers,"Marron, Dylan *",,not set,"Jun 06, 2022",1982129271,272,Hardcover
Time Is a Mother,"Vuong, Ocean",5.0,"Oct 14, 2022","Jun 06, 2022",0593300238,114,Hardcover
The Picture of Dorian Gray,"Wilde, Oscar",,"Jun 17, 2018     not set","Jun 01, 2022",,272,Paperback
The Little Prince,"Saint-Exupéry, Antoine de",,not set,"May 31, 2022",0152023984,96,Hardcover
Lord of the Flies,"Golding, William",,not set,"May 30, 2022",0140283331,182,Paperback
Of Mice and Men,"Steinbeck, John",,not set,"May 30, 2022",0142000671,107,Paperback
Dr. Jekyll and Mr. Hyde,"Stevenson, Robert Louis",5.0,"Jun 07, 2022","May 30, 2022",0451528956,139,Mass Market Paperback
Brave New World,"Huxley, Aldous",,not set,"May 30, 2022",0060929871,288,Paperback
The Old Man and the Sea,"Hemingway, Ernest",,not set,"May 30, 2022",0684830493,96,Hardcover
My Dyslexia,"Schultz, Philip",3.0,"May 30, 2022     not set","May 30, 2022",0393079643,128,Hardcover
At the Mountains of Madness and Other Tales of Terror,"Lovecraft, H.P.",,not set,"May 25, 2022",0345329457,184,Mass Market Paperback
The Shadow over Innsmouth,"Lovecraft, H.P.",,not set,"May 25, 2022",1450562795,158,Paperback
The Case of Charles Dexter Ward,"Lovecraft, H.P.",,not set,"May 25, 2022",0345354907,128,Mass Market Paperback
At the Mountains of Madness,"Lovecraft, H.P.",4.0,"Jun 28, 2022","May 25, 2022",0812974417,194,Paperback
The Call of Cthulhu,"Lovecraft, H.P.",,not set,"May 25, 2022",,43,Kindle Edition
The Minority Report,"Dick, Philip K.",,not set,"May 25, 2022",0375421874,112,Hardcover
VALIS,"Dick, Philip K.",4.0,"Feb 21, 2025","May 25, 2022",0575098368,244,Kindle Edition
The Three Stigmata of Palmer Eldritch,"Dick, Philip K.",,not set,"May 25, 2022",1407247425,231,Paperback
"Flow My Tears, the Policeman Said","Dick, Philip K.",,not set,"May 25, 2022",1857983416,204,Paperback
A Scanner Darkly,"Dick, Philip K.",,not set,"May 25, 2022",057507681X,324,Paperback
Do Androids Dream of Electric Sheep?,"Dick, Philip K.",,not set,"May 25, 2022",,258,ebook
Fine Frights: Stories That Scared Me,"Campbell, Ramsey",,not set,"May 25, 2022",0812516702,309,Paperback
255 Sci-Fi Classic Short Stories From the Greatest Writers Ever: with Bonus 15 Modern Ghost Stories,Anonymous,,not set,"May 25, 2022",,unknown,Nook
Think Your Way to Success: How to Develop a Winning Mindset and Achieve Amazing Results,"Rhodes, Mark",3.0,"May 24, 2022","May 24, 2022",0857083309,192,ebook
The Best of Richard Matheson,"Matheson, Richard",,not set,"May 04, 2022",014313017X,407,Paperback
The Best of Fritz Leiber,"Leiber, Fritz",,not set,"May 04, 2022",0848821270,168,Hardcover
"Psycho         (Psycho, #1)","Bloch, Robert",,not set,"May 04, 2022",0747545251,208,Paperback
Necronomicon: The Best Weird Tales,"Lovecraft, H.P.",,not set,"May 04, 2022",0575081562,878,Hardcover
The Kreutzer Sonata,"Tolstoy, Leo",5.0,"Mar 19, 2024     Mar 30, 2022","Apr 05, 2022",0812968239,129,Paperback
Neon Vernacular: New and Selected Poems,"Komunyakaa, Yusef",3.0,"Apr 05, 2022","Apr 05, 2022",0819512117,188,Paperback
Meditations,Marcus Aurelius,3.0,"Mar 28, 2022","Mar 28, 2022",0140449337,254,Paperback
How to Think Like a Roman Emperor: The Stoic Philosophy of Marcus Aurelius,"Robertson, Donald J. *",3.0,not set,"Mar 28, 2022",,304,Hardcover
James Acaster's Classic Scrapes,"Acaster, James",4.0,"Mar 23, 2022","Mar 23, 2022",1472247183,320,Hardcover
Araby,"Joyce, James",4.0,"Mar 15, 2022","Mar 15, 2022",,25,Kindle Edition
Each Journey Begins With a Single Step: The Taoist Book of Life,"Deng, Ming-Dao",4.0,"Mar 15, 2022","Mar 14, 2022",1571748385,208,Paperback
Man's Search for Meaning,"Frankl, Viktor E.",5.0,"Mar 23, 2022","Mar 08, 2022",080701429X,165,Paperback
"Harry Potter and the Deathly Hallows         (Harry Potter, #7)","Rowling, J.K.",5.0,"Mar 23, 2022","Mar 07, 2022",,759,Hardcover
"Harry Potter and the Half-Blood Prince         (Harry Potter, #6)","Rowling, J.K.",5.0,"Mar 07, 2022","Mar 07, 2022",,652,Paperback
"A Study in Scarlet         (Sherlock Holmes, #1)","Doyle, Arthur Conan",5.0,"Mar 06, 2022","Mar 06, 2022",,150,Kindle Edition
The Queen: Aretha Franklin,"Gilmore, Mikal",3.0,"Feb 23, 2022     not set","Feb 22, 2022",,4,Audible Audio
"Harry Potter and the Order of the Phoenix         (Harry Potter, #5)","Rowling, J.K.",4.0,"Feb 21, 2022","Feb 21, 2022",0439686520,870,Paperback
Toast on Toast: Cautionary Tales and Candid Advice,"Toast, Steven",4.0,"Jul 17, 2024     Feb 17, 2022","Feb 16, 2022",1782117490,304,Hardcover
Homage to Catalonia,"Orwell, George",,not set,"Feb 13, 2022",0156421178,232,Paperback
Burmese Days,"Orwell, George",,not set,"Feb 13, 2022",1421808307,276,Hardcover
"Beautiful World, Where Are You","Rooney, Sally *",4.0,"Feb 14, 2022","Feb 13, 2022",0374602603,356,Hardcover
Anna Karenina,"Tolstoy, Leo",,not set,"Feb 13, 2022",0345803922,964,Paperback
Three Tales of Avarice,"Doyle, Arthur Conan",4.0,"Feb 13, 2022","Feb 12, 2022",1602837155,3,Audio CD
A Grief Observed,"Lewis, C.S.",5.0,"Feb 09, 2022     not set","Feb 09, 2022",,76,Paperback
Animal Farm,"Orwell, George",4.0,"Feb 02, 2022","Feb 01, 2022",0451526341,141,Mass Market Paperback
"James Baldwin, An Original","Steinem, Gloria",5.0,"Feb 02, 2022","Feb 01, 2022",,15,Kindle Edition
Revolution from Within: A Book of Self-Esteem,"Steinem, Gloria",,not set,"Feb 01, 2022",0316812471,431,Paperback
"The Truth Will Set You Free, But First It Will Piss You Off!: Thoughts on Life, Love, and Rebellion","Steinem, Gloria",,not set,"Feb 01, 2022",0593132688,192,Hardcover
Outrageous Acts and Everyday Rebellions,"Steinem, Gloria",,not set,"Feb 01, 2022",0805042024,432,Paperback
My Life on the Road,"Steinem, Gloria",,not set,"Feb 01, 2022",0679456201,276,Hardcover
The Idiot,"Dostoevsky, Fyodor",,not set,"Feb 01, 2022",0679642420,667,Paperback
The Brothers Karamazov,"Dostoevsky, Fyodor",,not set,"Feb 01, 2022",0374528373,796,Paperback
Class Struggle in Africa,"Nkrumah, Kwame",,not set,"Feb 01, 2022",0901787124,100,Paperback
Consciencism: Philosophy and Ideology for De-Colonization and Development with Particular Reference to the African Development,"Nkrumah, Kwame",,not set,"Feb 01, 2022",0853451362,126,Paperback
Neo-Colonialism: The Last Stage of Imperialism,"Nkrumah, Kwame",,not set,"Feb 01, 2022",090178723X,280,Paperback
Ghana: The Autobiography of Kwame Nkrumah,"Nkrumah, Kwame",,not set,"Feb 01, 2022",0717802949,256,Hardcover
Trotsky: A Biography,"Service, Robert",,not set,"Feb 01, 2022",0674036158,648,Hardcover
History of the Russian Revolution,"Trotsky, Leon",,not set,"Feb 01, 2022",1931859450,"1,040",Paperback
"The Prophet Armed: Trotsky, 1879-1921","Deutscher, Isaac",,not set,"Feb 01, 2022",1859844413,497,Paperback
Malcom and Me,"Reed, Ishmael",3.0,Feb 2022,"Feb 01, 2022",,98,Audible Audio
A Streetcar Named Desire,"Williams, Tennessee",5.0,"Jan 27, 2022","Jan 26, 2022",,320,Paperback
Edgar Allen Poe's The Tell-Tale Heart: A Graphic Novellete Adaptation,"Pierce, Todd O",,not set,"Jan 26, 2022",0368695247,26,Paperback
What We Talk About When We Talk About Love,"Carver, Raymond",,not set,"Jan 25, 2022",0679723056,159,Paperback
The Collected Schizophrenias: Essays,"Wang, Esmé Weijun",,not set,"Jan 25, 2022",1555978274,224,Paperback
The Promise of Happiness,"Ahmed, Sara *",,not set,"Jan 25, 2022",0822347253,328,Paperback
"Harry Potter and the Goblet of Fire         (Harry Potter, #4)","Rowling, J.K.",,"Feb 10, 2022","Jan 25, 2022",0439139597,734,Paperback
What I Talk About When I Talk About Running,"Murakami, Haruki",3.0,"Jan 26, 2022","Jan 24, 2022",,188,Hardcover
"Harry Potter and the Prisoner of Azkaban         (Harry Potter, #3)","Rowling, J.K.",4.0,"Jan 25, 2022","Jan 24, 2022",043965548X,547,Mass Market Paperback
Liminal Thinking,"Gray, Dave *",2.0,"Jan 25, 2022","Jan 24, 2022",,224,Paperback
Pragmatism: A New Name for Some Old Ways of Thinking,"James, William",,not set,"Jan 18, 2022",0486282708,116,Paperback
Fear and Trembling,"Kierkegaard, Søren",,not set,"Jan 18, 2022",0143037579,152,Paperback
Ludwig Wittgenstein: A Memoir,"Malcolm, Norman",,not set,"Jan 18, 2022",0199247595,144,Paperback
On Certainty,"Wittgenstein, Ludwig",,not set,"Jan 18, 2022",0061316865,194,Paperback
Philosophical Investigations,"Wittgenstein, Ludwig",,not set,"Jan 18, 2022",0631231277,246,Hardcover
Ludwig Wittgenstein: The Duty of Genius,"Monk, Ray",,not set,"Jan 18, 2022",0140159959,704,Paperback
Tractatus Logico-Philosophicus,"Wittgenstein, Ludwig",,not set,"Jan 18, 2022",0415254086,142,Paperback
"Draw: A visual approach to thinking, learning, and communicating","Hanks, Kurt",,not set,"Jan 17, 2022",0913232459,242,Paperback
Rapid Viz : A New Method for the Rapid Visualization of Ideas,"Hanks, Kurt",,not set,"Jan 17, 2022",1560520558,160,Misc. Supplies
"Harry Potter and the Chamber of Secrets         (Harry Potter, #2)","Rowling, J.K.",4.0,"Jan 17, 2022","Jan 17, 2022",,352,Hardcover
"Harry Potter and the Sorcerer's Stone         (Harry Potter, #1)","Rowling, J.K.",4.0,"Jan 12, 2022","Jan 12, 2022",0439554934,309,Hardcover
Stranger in a Strange Land,"Heinlein, Robert A.",,not set,"Jan 11, 2022",,525,Paperback
Peace Is Every Step: The Path of Mindfulness in Everyday Life,Thich Nhat Hanh,4.0,"Jan 11, 2022","Jan 11, 2022",0553351397,134,Paperback
Breakfast of Champions,"Vonnegut Jr., Kurt",4.0,"Sep 2025     Jan 11, 2022","Jan 11, 2022",0385334206,303,Paperback
The Wisdom of Life,"Schopenhauer, Arthur",,not set,"Jan 07, 2022",0486435504,77,Paperback
The Art of Always Being Right,"Schopenhauer, Arthur",,not set,"Jan 07, 2022",1903933617,138,Hardcover
Funeral Rites,"Genet, Jean",,not set,"Jan 06, 2022",0802130879,256,Paperback
The Maids and Deathwatch,"Genet, Jean",,not set,"Jan 06, 2022",080215056X,168,Paperback
The Thief's Journal,"Genet, Jean",,not set,"Jan 06, 2022",0802130143,268,Paperback
Our Lady of the Flowers,"Genet, Jean",,not set,"Jan 06, 2022",1596541369,216,Paperback
Faithful and Virtuous Night,"Glück, Louise",3.0,Jan 2021,"Dec 31, 2021",0374152012,71,Hardcover
Play It As It Lays,"Didion, Joan",,not set,"Dec 31, 2021",0374529949,231,Paperback
Slouching Towards Bethlehem,"Didion, Joan",,not set,"Dec 31, 2021",,238,Paperback
The Year of Magical Thinking,"Didion, Joan",5.0,Jan 2022,"Dec 31, 2021",1400078431,227,Paperback
The Analects,Confucius,5.0,Jan 2021,"Dec 30, 2021",0140443487,249,Paperback
The 48 Laws of Power,"Greene, Robert *",,not set,"Dec 23, 2021",0140280197,452,Paperback
Them: Adventures with Extremists,"Ronson, Jon",4.0,"Feb 25, 2022","Dec 13, 2021",0743233212,336,Paperback
The Psychopath Test: A Journey Through the Madness Industry,"Ronson, Jon",5.0,Jan 2016,"Dec 13, 2021",1594485755,275,Paperback
Lost At Sea: The Jon Ronson Mysteries,"Ronson, Jon",,not set,"Dec 13, 2021",1594631379,400,Hardcover
The Butterfly Effect,"Ronson, Jon",5.0,"Dec 13, 2021","Dec 13, 2021",,3,Audible Audio
The Remains of the Day,"Ishiguro, Kazuo *",,not set,"Dec 12, 2021",,258,Paperback
Never Let Me Go,"Ishiguro, Kazuo *",,not set,"Dec 12, 2021",1400078776,288,Paperback
The Last Days of August,"Ronson, Jon",4.0,Jan 2021,"Dec 10, 2021",,4,Audiobook
"If This Isn't Nice, What Is?: Advice for the Young","Vonnegut Jr., Kurt",5.0,"Feb 05, 2025     Jan 21, 2024     Apr 04, 2023     Jan 2021     not set","Dec 05, 2021",1480537373,144,MP3 CD
American Pastoral,"Roth, Philip",,not set,"Dec 02, 2021",,432,Paperback
Robert Browning's Poetry,"Browning, Robert",,not set,"Dec 01, 2021",0393926001,704,Paperback
"The Compound Effect: Jumpstart Your Income, Your Life, Your Success","Hardy, Darren *",3.0,Jan 2021,"Nov 29, 2021",,162,Kindle Edition
Samurai William: The Englishman Who Opened Japan,"Milton, Giles",,not set,"Nov 21, 2021",0142003786,368,Paperback
One Hundred Years of Solitude,"García Márquez, Gabriel",,not set,"Nov 11, 2021",,417,Mass Market Paperback
No Shame,"Allen, Tom",4.0,Jan 2021,"Nov 05, 2021",1529348900,304,Hardcover
Representation: Cultural Representations and Signifying Practices,"Hall, Stuart",,not set,"Oct 27, 2021",0761954325,400,Paperback
"Policing the Crisis: Mugging, the State, and Law and Order","Hall, Stuart",,not set,"Oct 27, 2021",0333220617,454,Paperback
Familiar Stranger: A Life Between Two Islands,"Hall, Stuart",,not set,"Oct 27, 2021",0822363879,320,Hardcover
A Identidade Cultural na Pós-Modernidade,"Hall, Stuart",,not set,"Oct 27, 2021",8574900524,102,Paperback
William Tindale A Biography,"Demaus, Robert",,not set,"Oct 26, 2021",,0,Nook
The life of William Tindale,"Waterman, T.J.",,not set,"Oct 26, 2021",,16,Paperback
Common Sense,"Paine, Thomas",,not set,"Oct 26, 2021",0143036254,104,Paperback
A History of Western Philosophy,"Russell, Bertrand",,not set,"Oct 26, 2021",0671201581,906,Paperback
The Basic Writings of Bertrand Russell,"Russell, Bertrand",,not set,"Oct 26, 2021",041508301X,744,Paperback
Autobiography,"Russell, Bertrand",,not set,"Oct 26, 2021",041522862X,749,Paperback
Expulsion of the Triumphant Beast,"Bruno, Giordano",,not set,"Oct 26, 2021",0803261047,324,Paperback
De Umbris Idearum: On the Shadows of Ideas         (Collected Works of Giordano Bruno),"Bruno, Giordano",,not set,"Oct 26, 2021",1492329967,232,Paperback
"Cause, Principle and Unity: And Essays on Magic","Bruno, Giordano",,not set,"Oct 26, 2021",0521596580,224,Paperback
Dreams of Africa in Alabama: The Slave Ship Clotilda and the Story of the Last Africans Brought to America,"Diouf, Sylviane A.",,not set,"Oct 26, 2021",0195311043,352,Hardcover
Catch a Fire: The Life of Bob Marley,"White, Timothy",,not set,"Oct 26, 2021",0805080864,576,Paperback
Bob Marley - Legend,"Marley, Bob",,not set,"Oct 26, 2021",0793537002,96,Paperback
Muhammad Ali: His Life and Times,"Hauser, Thomas",,not set,"Oct 26, 2021",0671779710,544,Paperback
Beyond a Boundary,"James, C.L.R.",,not set,"Oct 26, 2021",022407427X,355,Paperback
The Black Jacobins: Toussaint L'Ouverture and the San Domingo Revolution,"James, C.L.R.",,not set,"Oct 26, 2021",0679724672,428,Paperback
Rasta and Resistance: From Marcus Garvey to Walter Rodney,"Campbell, Horace",,not set,"Oct 26, 2021",0865430357,250,Paperback
How Europe Underdeveloped Africa,"Rodney, Walter",,not set,"Oct 26, 2021",0882580965,312,Paperback
Steppenwolf,"Hesse, Hermann",,not set,"Oct 25, 2021",0140282580,256,Paperback
Siddhartha,"Hesse, Hermann",,not set,"Oct 25, 2021",,152,Mass Market Paperback
The Element: How Finding Your Passion Changes Everything,"Robinson, Ken",,not set,"Oct 25, 2021",0670020478,288,Hardcover
The Great Gatsby,"Fitzgerald, F. Scott",5.0,Jan 2021,"Oct 04, 2021",0743273567,180,Paperback
The Second Sex,"Beauvoir, Simone de",,not set,"Oct 01, 2021",0679724516,746,Paperback
"Arsène Lupin versus Herlock Sholmes         (Arsène Lupin, #2)","Leblanc, Maurice",,not set,"Sep 29, 2021",1587154641,282,Paperback
"Arsène Lupin, Gentleman-Thief","Leblanc, Maurice",,not set,"Sep 29, 2021",,279,Paperback
Come as You Are: The Surprising New Science that Will Transform Your Sex Life,"Nagoski, Emily *",,not set,"Sep 25, 2021",1476762090,400,Paperback
The Essential Neruda: Selected Poems,"Neruda, Pablo",,not set,"Sep 25, 2021",0872864286,200,Paperback
Pablo Neruda: Absence and Presence,"Neruda, Pablo",,not set,"Sep 25, 2021",0393306437,192,Paperback
The Poetry of Pablo Neruda,"Neruda, Pablo",,not set,"Sep 25, 2021",0374529604,"1,040",Paperback
Teambuilding: The road to success,"Michels, Rinus",,not set,"Sep 23, 2021",1890946737,218,Paperback
Shadow and Act,"Ellison, Ralph",,not set,"Sep 22, 2021",0679760008,352,Paperback
Flying Home and Other Stories,"Ellison, Ralph",,not set,"Sep 22, 2021",0679776613,228,Paperback
Invisible Man,"Ellison, Ralph",,not set,"Sep 22, 2021",,581,Paperback
The Call of the Wild,"London, Jack",4.0,Jan 2021,"Sep 20, 2021",,172,Mass Market Paperback
3 a.m.         (Henry Bins #1),"Pirog, Nick *",3.0,Jan 2021,"Sep 06, 2021",,129,Kindle Edition
Rules for Revolutionaries: How Big Organizing Can Change Everything,"Bond, Becky",,not set,"Sep 05, 2021",1603587276,200,Paperback
Land: A New Paradigm for a Thriving World,"Adams, Martin *",,not set,"Sep 03, 2021",1583949208,208,Paperback
Postcapitalism: A Guide to Our Future,"Mason, Paul",,not set,"Sep 03, 2021",1846147387,368,Hardcover
Why We Can't Afford the Rich,"Sayer, Andrew",,not set,"Sep 01, 2021",1447320794,448,Hardcover
Don't Even Think About It: Why Our Brains Are Wired to Ignore Climate Change,"Marshall, George *",,not set,"Aug 31, 2021",1620401339,272,Hardcover
White Ghost Girls,"Greenway, Alice",,not set,"Aug 30, 2021",0802170188,168,Paperback
The Piano Teacher,"Lee, Janice Y.K.",,not set,"Aug 30, 2021",0670020486,328,Hardcover
Fragrant Harbour,"Lanchester, John",,not set,"Aug 30, 2021",057121469X,299,Paperback
The Monkey King,"Mo, Timothy",,not set,"Aug 30, 2021",0952419378,256,Paperback
Gweilo: Memories of a Hong Kong Childhood,"Booth, Martin",5.0,"Jul 15, 2024","Aug 30, 2021",0553816721,269,Paperback
The World of Suzie Wong,"Mason, Richard",,not set,"Aug 30, 2021",,288,Paperback
"Tai-Pan         (Asian Saga, #2)","Clavell, James",,not set,"Aug 30, 2021",,732,Mass Market Paperback
"Three Complete Novels: Tinker, Tailor, Soldier, Spy / The Honourable Schoolboy / Smiley's People","le Carré, John",,not set,"Aug 30, 2021",0517146975,952,Hardcover
The Honourable Schoolboy by John le Carre Summary Study Guide,BookRags,,not set,"Aug 30, 2021",,49,Nook
Up Pohnpei: A Quest to Reclaim the Soul of Football by Leading the World's Ultimate Underdogs to Glory,"Watson, Paul",4.0,not set,"Aug 26, 2021",,260,Paperback
The Prince of Tides,"Conroy, Pat",,not set,"Aug 21, 2021",0553381547,679,Paperback
Out of the Wreckage: A New Politics in the Age of Crisis,"Monbiot, George",5.0,Jan 2021,"Aug 21, 2021",1786632888,220,Hardcover
"How Did We Get into This Mess?: Politics, Equality, Nature","Monbiot, George",,not set,"Aug 21, 2021",1784783625,352,Hardcover
"Feral: Rewilding the Land, the Sea and Human Life","Monbiot, George",3.0,"May 16, 2022","Aug 21, 2021",0670067172,256,Hardcover
Renewable: The World-Changing Power of Alternative Energy,"Shere, Jeremy",,not set,"Aug 21, 2021",1250038227,269,Kindle Edition
Reinventing Fire: Bold Business Solutions for the New Energy Era,"Lovins, Amory B.",,not set,"Aug 21, 2021",1603583718,352,Hardcover
The Great Transition: Shifting from Fossil Fuels to Solar and Wind Energy,"Brown, Lester R.",,not set,"Aug 21, 2021",039335055X,194,Paperback
The Art of War,Sun Tzu,4.0,"Jun 05, 2025     Jan 2021","Aug 21, 2021",,170,Paperback
So You've Been Publicly Shamed,"Ronson, Jon",4.0,Jan 2021,"Aug 20, 2021",1594487138,290,Hardcover
Outcasts! The Lands That FIFA Forgot,"Menary, Steve *",,not set,"Aug 18, 2021",1905449313,224,Hardcover
"A Literate Passion: Letters of Anaïs Nin & Henry Miller, 1932-1953","Nin, Anaïs",,not set,"Aug 16, 2021",015652791X,448,Paperback
"Sexus         (The Rosy Crucifixion, #1)","Miller, Henry",,not set,"Aug 11, 2021",0802151809,506,Paperback
Mad or Bad?,"Bavidge, Michael",4.0,Jan 2021,"Aug 09, 2021",1853990175,138,Paperback
Gravity’s Rainbow,"Pynchon, Thomas",,not set,"Jun 10, 2021",0143039946,776,Paperback
Capitalist Realism: Is There No Alternative?,"Fisher, Mark",,not set,"Jun 10, 2021",1846943175,81,Paperback
Metaphysics,Aristotle,,not set,"Jun 05, 2021",1888009039,365,Paperback
The Nicomachean Ethics,Aristotle,,not set,"Jun 05, 2021",0140449493,329,Paperback
Nigger,"Siffre, Labi",,not set,"Apr 11, 2021",0952094207,100,Paperback
"Foundation         (Foundation, #1)","Asimov, Isaac",4.0,Jan 2021,"Apr 10, 2021",0553803719,244,Hardcover
Kololo Hill,"Shah, Neema *",,not set,"Mar 18, 2021",1529030501,304,Hardcover
Goodbye to Berlin,"Isherwood, Christopher",,not set,"Mar 18, 2021",0586047956,208,Mass Market Paperback
Invisible Women: Data Bias in a World Designed for Men,"Criado Pérez, Caroline",,not set,"Mar 18, 2021",1419729071,448,Hardcover
One of Them,"Okwonga, Musa",5.0,Jan 2021,"Feb 21, 2021",1783529687,164,Kindle Edition
Eating Roses for Dinner,"Okwonga, Musa",,not set,"Feb 21, 2021",,136,Paperback
"In the End, It Was All About Love","Okwonga, Musa",5.0,"Jan 11, 2023     Jan 2021","Feb 21, 2021",,133,Paperback
Unnatural Causes: The Life and Many Deaths of Britain's Top Forensic Pathologist,"Shepherd, Richard",,not set,"Feb 19, 2021",0718182715,400,Hardcover
"The Snowman         (Harry Hole, #7)","Nesbø, Jo *",,not set,"Feb 19, 2021",0307595862,383,Mass Market Paperback
Children of Dune         (Dune #3),"Herbert, Frank",4.0,Jan 2021,"Feb 17, 2021",0593098242,609,Paperback
Dune Messiah         (Dune #2),"Herbert, Frank",3.0,Jan 2021,"Feb 08, 2021",0593098234,336,Mass Market Paperback
Dune         (Dune #1),"Herbert, Frank",3.0,Jan 2021,"Feb 08, 2021",059309932X,658,Hardcover
"Transbluesency: Selected Poems, 1961-1995","Baraka, Imamu Amiri",,not set,"Feb 07, 2021",1568860145,271,Paperback
Black Music,"Baraka, Amiri",,not set,"Jan 26, 2021",0306808145,224,Paperback
The LeRoi Jones/Amiri Baraka Reader,"Baraka, Amiri",,not set,"Jan 26, 2021",1560252383,624,Paperback
Blues People: Negro Music in White America,"Baraka, Amiri",,not set,"Jan 26, 2021",068818474X,256,Paperback
The Face of Change: The Face of Change ( Bobi Wine ) Robert Kyagulanyi Ssentamu,"Benefits, Shammah",,not set,"Jan 15, 2021",,20,Kindle Edition
Wings of Change: How the World’s Biggest Energy Drink Manufacturer Made a Mark in Football,"Tejwani, Karan",4.0,Jan 2021,"Jan 14, 2021",1785317296,224,Paperback
"The Sea, the Sea","Murdoch, Iris",,not set,"Nov 27, 2020",014118616X,528,Paperback
Around the World in Eighty Days,"Verne, Jules",,not set,"Nov 23, 2020",014044906X,252,Paperback
The Hunger Angel,"Müller, Herta",,not set,"Oct 25, 2020",080509301X,290,Hardcover
The Land of Green Plums,"Müller, Herta",,not set,"Oct 25, 2020",1862072604,256,Paperback
The Actual,"Ellams, Inua *",5.0,Jan 2020,"Oct 13, 2020",1908058781,84,Paperback
No Exit,"Sartre, Jean-Paul",,not set,"Oct 11, 2020",0573613052,60,Paperback
Nausea,"Sartre, Jean-Paul",4.0,"Aug 22, 2022","Oct 11, 2020",0811201880,178,Hardcover
Winnie Mandela: A Life,"Bezdrob, Anné Mariè du Preez",,not set,"Oct 03, 2020",1868729265,320,Paperback
Moral Man and Immoral Society: Study in Ethics and Politics,"Niebuhr, Reinhold",,not set,"Sep 30, 2020",0664224741,284,Paperback
Lectures on the History of Political Philosophy,Rawls,,not set,"Sep 30, 2020",067403063X,496,Paperback
Death in the Dark Walk         (John Rawlings #1),"Lake, Deryn *",,not set,"Sep 30, 2020",,216,Kindle Edition
A Theory of Justice,"Rawls, John",,not set,"Sep 30, 2020",0674017722,824,Paperback
Mythologies,"Barthes, Roland",,not set,"Sep 30, 2020",0374521506,160,Paperback
Camera Lucida: Reflections on Photography,"Barthes, Roland",,not set,"Sep 30, 2020",0374521344,119,Paperback
Roland Barthes,"Barthes, Roland",,not set,"Sep 30, 2020",0520087836,186,Paperback
Discovering Home,"Wainaina, Binyavanga",,not set,"Sep 30, 2020",0977372243,225,Paperback
How to Write About Africa,"Wainaina, Binyavanga",,not set,"Sep 30, 2020",996670082X,49,Paperback
The Second Coming,"Berardi, Franco ""Bifo""",,not set,"Sep 27, 2020",1509534849,160,Paperback
The Seventh Octave: The Early Writings of Saul Williams,"Williams, Saul",,not set,"Sep 24, 2020",0965830810,56,Paperback
The Dead Emcee Scrolls: The Lost Teachings of Hip-Hop,"Williams, Saul",,not set,"Sep 24, 2020",1416516328,208,Paperback
She,"Williams, Saul",,not set,"Sep 24, 2020",0671039776,128,Paperback
", said the shotgun to the head.","Williams, Saul",,not set,"Sep 24, 2020",0743470796,192,Paperback
The Shadow King,"Mengiste, Maaza",,not set,"Sep 23, 2020",039308356X,448,Hardcover
Twenty Love Poems and a Song of Despair,"Neruda, Pablo",,not set,"Sep 23, 2020",0143039962,60,Paperback
My Name Is Why,"Sissay, Lemn",,not set,"Sep 23, 2020",,200,Hardcover
Zong!,"Philip, M. NourbeSe",,not set,"Sep 23, 2020",0819568767,224,Hardcover
The Half-God of Rainfall,"Ellams, Inua *",,not set,"Sep 23, 2020",0008324778,96,Hardcover
Martin and Malcolm and America: A Dream or a Nightmare?,"Cone, James H.",,not set,"Sep 23, 2020",0883448246,358,Paperback
Inverting the Pyramid: The History of Football Tactics,"Wilson, Jonathan",4.0,Sep 2024,"Sep 23, 2020",0752889958,374,Hardcover
Zonal Marking: The Making of Modern European Football,"Cox, Michael",,not set,"Sep 23, 2020",0008291152,433,Kindle Edition
Dracula,"Stoker, Bram",5.0,"Feb 27, 2023","Sep 23, 2020",0393970124,488,Paperback
Visions from the Upside Down: Stranger Things Artbook,"Sienkiewicz, Bill",,not set,"Sep 23, 2020",198482113X,238,Kindle Edition
"Love in Colour: Mythical Tales from Around the World, Retold","Babalola, Bolu",,not set,"Sep 23, 2020",1472268865,304,Hardcover
"Africa's Child         (Dancing Soul Trilogy, #1)","Nhambu, Maria *",,not set,"Sep 23, 2020",,356,Kindle Edition
The Night Tiger,"Choo, Yangsze *",,not set,"Sep 23, 2020",1250175453,384,Hardcover
"My Sister, the Serial Killer","Braithwaite, Oyinkan *",,not set,"Sep 23, 2020",0385544235,226,Hardcover
"Find Me         (Call Me By Your Name, #2)","Aciman, André *",,not set,"Sep 23, 2020",0374155011,260,Hardcover
A Woman Is No Man,"Rum, Etaf *",,not set,"Sep 23, 2020",0062699768,339,Hardcover
Where the Forest Meets the Stars,"Vanderah, Glendy",,not set,"Sep 23, 2020",154204006X,332,Hardcover
Intimations,"Smith, Zadie",,not set,"Sep 23, 2020",059329761X,97,Paperback
No,"Vuong, Ocean",,not set,"Sep 23, 2020",1936919222,40,Paperback
Burnings,"Vuong, Ocean",,not set,"Sep 23, 2020",0578070596,40,Paperback
The Mysterious Stranger,"Twain, Mark",,not set,"Sep 23, 2020",0520242068,212,Paperback
The Myth of Sisyphus and Other Essays,"Camus, Albert",3.0,not set,"Sep 21, 2020",,212,Paperback
Brief Interviews with Hideous Men,"Wallace, David Foster",5.0,not set,"Sep 21, 2020",034911188X,273,Paperback
The Castle,"Kafka, Franz",,not set,"Sep 21, 2020",0805211063,328,Paperback
The Trial,"Kafka, Franz",,not set,"Sep 21, 2020",,255,Paperback
The Metamorphosis,"Kafka, Franz",5.0,Jun 2022,"Sep 21, 2020",0553213695,201,Mass Market Paperback
Mother Night,"Vonnegut Jr., Kurt",4.0,Sep 2024,"Sep 21, 2020",0385334141,282,Paperback
Welcome to the Monkey House,"Vonnegut Jr., Kurt",,not set,"Sep 21, 2020",0385333501,331,Paperback
A Man Without a Country,"Vonnegut Jr., Kurt",5.0,Jan 2020,"Sep 21, 2020",081297736X,145,Paperback
Player Piano,"Vonnegut Jr., Kurt",,not set,"Sep 21, 2020",0385333781,341,Paperback
The Sirens of Titan,"Vonnegut Jr., Kurt",,not set,"Sep 21, 2020",,224,Paperback
Cat’s Cradle,"Vonnegut Jr., Kurt",4.0,"Nov 06, 2024","Sep 21, 2020",,306,Paperback
The Odyssey,Homer,,not set,"Sep 21, 2020",0143039954,541,Paperback
Crime and Punishment,"Dostoevsky, Fyodor",,not set,"Sep 21, 2020",,671,Paperback
The Charge of the Light Brigade,"Tennyson, Alfred",,not set,"Sep 21, 2020",0307665003,25,Library Binding
The Iliad,Homer,,not set,"Sep 21, 2020",1926814886,48,Comic
The Red Badge of Courage,"Crane, Stephen",,not set,"Sep 21, 2020",1580495869,149,Paperback
"The Adventures of Huckleberry Finn         (Adventures of Tom and Huck, #2)","Twain, Mark",,not set,"Sep 21, 2020",0142437174,327,Paperback
Democracy in America,"Tocqueville, Alexis de",,not set,"Sep 21, 2020",0140447601,983,Paperback
An Occurrence at Owl Creek Bridge,"Sergel, Christopher",,not set,"Sep 21, 2020",0871293439,16,Paperback
Night Sky with Exit Wounds,"Vuong, Ocean",4.0,Jan 2020,"Sep 08, 2020",,89,Paperback
The City in Which I Love You,"Lee, Li-Young",,not set,"Sep 08, 2020",0918526833,89,Paperback
Hai chiếc xe khóa chặt vào nhau,"Ngân, Nguyễn Thiên",,not set,"Sep 08, 2020",,unknown,Paperback
"Life, Poetry, and Prison--Cuoc Song, Thi Van, va Tu Day; Nguyen Chi Thien's poetry in bilingual text","Thiện, Nguyễn Chí",,not set,"Sep 08, 2020",0977363848,35,Pamphlet
Flowers from Hell: Hoa Điạ Ngục,"Thiện, Nguyễn Chí",,not set,"Sep 08, 2020",,136,Paperback
On Earth We're Briefly Gorgeous,"Vuong, Ocean",4.0,Jan 2021,"Sep 04, 2020",0525562028,246,Hardcover
Part of My Soul Went with Him,"Mandela, Winnie",,not set,"Sep 01, 2020",0393302903,176,Paperback
High Fidelity,"Hornby, Nick",,not set,"Aug 28, 2020",1573225517,323,Paperback
"Daring Greatly: How the Courage to Be Vulnerable Transforms the Way We Live, Love, Parent, and Lead","Brown, Brené *",,not set,"Aug 26, 2020",1592407331,287,Hardcover
The Gifts of Imperfection,"Brown, Brené *",,not set,"Aug 26, 2020",159285849X,137,Paperback
The Vanishing Half,"Bennett, Brit *",,not set,"Aug 25, 2020",0525536299,343,Hardcover
Stillness and Speed: My Story,"Bergkamp, Dennis",,not set,"Aug 24, 2020",1471129519,269,Hardcover
Brilliant Orange: The Neurotic Genius of Dutch Football,"Winner, David",,not set,"Aug 24, 2020",0747547084,246,Hardcover
"Black Skin, White Masks","Fanon, Frantz",,not set,"Aug 21, 2020",0802150845,232,Paperback
Invincible: Inside Arsenal's Unbeaten 2003-2004 Season,"Lawrence, Amy",4.0,Jan 2020,"Aug 20, 2020",0241970504,233,Kindle Edition
Are Prisons Obsolete?,"Davis, Angela Y.",,not set,"Aug 19, 2020",1583225811,128,Paperback
"Freedom is a Constant Struggle: Ferguson, Palestine and the Foundations of a Movement","Davis, Angela Y.",,not set,"Aug 19, 2020",1608465640,158,Paperback
"Women, Race & Class","Davis, Angela Y.",,not set,"Aug 19, 2020",0394713516,271,Paperback
A Change Is Gonna Come,"Bello, Mary",,not set,"Aug 19, 2020",1847158390,320,Paperback
A Cultured Left Foot,"Okwonga, Musa",,not set,"Aug 19, 2020",0715637630,224,Paperback
The Good Immigrant,"Shukla, Nikesh *",,not set,"Aug 19, 2020",178352295X,272,Hardcover
We Were Eight Years in Power: An American Tragedy,"Coates, Ta-Nehisi",,not set,"Aug 19, 2020",0399590560,367,Hardcover
The Water Dancer,"Coates, Ta-Nehisi",,not set,"Aug 19, 2020",,416,Hardcover
Between the World and Me,"Coates, Ta-Nehisi",5.0,"Feb 27, 2025     Jan 2020","Aug 19, 2020",,152,Hardcover
Mensagem - Poemas Esotéricos,"Pessoa, Fernando",,not set,"Aug 19, 2020",848966627X,532,Hardcover
The Book of Disquiet: The Complete Edition,"Pessoa, Fernando",,not set,"Aug 19, 2020",0811226948,433,Kindle Edition
مذكرات طبيبة,"El Saadawi, Nawal",,not set,"Aug 19, 2020",,110,Paperback
المرأة والجنس,"El Saadawi, Nawal",,not set,"Aug 19, 2020",,201,Paperback
Woman at Point Zero,"El Saadawi, Nawal",,not set,"Aug 19, 2020",,108,Paperback
Feather Woman of the Jungle,"Tutuola, Amos",,not set,"Aug 19, 2020",0872862151,132,Paperback
My Life in the Bush of Ghosts,"Tutuola, Amos",,not set,"Aug 19, 2020",0802131050,174,Paperback
The Palm-Wine Drinkard,"Tutuola, Amos",,not set,"Aug 19, 2020",0571049966,125,Paperback
Golden Sardine,"Kaufman, Bob",,not set,"Aug 19, 2020",0872860264,81,Paperback
The Black Sheep,"Balzac, Honoré de",,not set,"Jul 31, 2020",0140442375,339,Paperback
Père Goriot,"Balzac, Honoré de",,not set,"Jul 31, 2020",039397166X,384,Paperback
"The Color of Magic         (Discworld, #1; Rincewind, #1)","Pratchett, Terry",5.0,"Jan 31, 2023","Jul 29, 2020",0060855924,228,Paperback
Chomsky On Anarchism,"Chomsky, Noam",4.0,"May 10, 2024","Jul 29, 2020",1904859208,241,Paperback
The Ruins Of Empires,Akala,,not set,"Jul 29, 2020",,79,Paperback
Natives: Race and Class in the Ruins of Empire,Akala,5.0,Jan 2021,"Jul 29, 2020",1473661218,352,Hardcover
A Medicine for Melancholy and Other Stories,"Bradbury, Ray",,not set,"Jul 29, 2020",,307,Paperback
The October Country,"Bradbury, Ray",,not set,"Jul 29, 2020",0380973871,334,Hardcover
Zen in the Art of Writing: Releasing the Creative Genius Within You,"Bradbury, Ray",,not set,"Jul 29, 2020",0553296345,158,Mass Market Paperback
The Illustrated Man,"Bradbury, Ray",,not set,"Jul 29, 2020",000712774X,186,Paperback
The Martian Chronicles,"Bradbury, Ray",,not set,"Jul 29, 2020",0553278223,182,Mass Market Paperback
Fahrenheit 451,"Bradbury, Ray",5.0,not set,"Jul 29, 2020",,194,Kindle Edition
Dandelion Wine,"Bradbury, Ray",,not set,"Jul 29, 2020",0671037706,239,Paperback
I Walked With Heroes,"Romulo, Carlos P.",,not set,"Jul 29, 2020",0548443092,360,Paperback
The Kite Runner,"Hosseini, Khaled *",,not set,"Jul 29, 2020",159463193X,371,Paperback
Queenie,"Carty-Williams, Candice *",,not set,"Jul 29, 2020",1409180085,unknown,Kindle Edition
The African Dream: The Diaries of the Revolutionary War in the Congo,"Guevara, Ernesto Che",,not set,"Jul 29, 2020",0802138349,304,Paperback
Disgrace,"Coetzee, J.M.",,not set,"Jul 29, 2020",0143036378,220,Paperback
Hard-Boiled Wonderland and the End of the World,"Murakami, Haruki",,not set,"Jul 29, 2020",,400,Paperback
"1Q84         (1Q84, #1-3)","Murakami, Haruki",,not set,"Jul 29, 2020",0307593312,944,Hardcover
The Wind-Up Bird Chronicle,"Murakami, Haruki",,not set,"Jul 29, 2020",0965341984,607,Paperback
Kafka on the Shore,"Murakami, Haruki",,not set,"Jul 29, 2020",,467,Paperback
Norwegian Wood,"Murakami, Haruki",,not set,"Jul 29, 2020",,296,Paperback
Teach Us to Outgrow Our Madness,"Ōe, Kenzaburō",,not set,"Jul 29, 2020",080215185X,261,Paperback
The Silent Cry,"Ōe, Kenzaburō",4.0,Jan 2021,"Jul 29, 2020",1852426020,274,Paperback
"Nip the Buds, Shoot the Kids","Ōe, Kenzaburō",,not set,"Jul 29, 2020",0802134637,189,Paperback
My Many-coated Man,laurie-lee,4.0,Jan 2020,"Jul 29, 2020",0233961895,30,Paperback
As I Walked Out One Midsummer Morning,"Lee, Laurie",,not set,"Jul 29, 2020",0140033181,192,Paperback
The Inugami Clan         (Detective Kosuke Kindaichi #6),"Yokomizo, Seishi",,not set,"Jul 29, 2020",1933330317,309,Paperback
The Football Code: The Science of Predicting the Beautiful Game,"Tippett, James",3.0,Jan 2020,"Jul 29, 2020",,261,Kindle Edition
No Name in the Street,"Baldwin, James",,not set,"Jul 29, 2020",0307275922,208,Paperback
Dark Days,"Baldwin, James",4.0,Jan 2021,"Jul 29, 2020",0241337542,50,Paperback
"The Price of the Ticket: Collected Nonfiction, 1948-1985","Baldwin, James",,not set,"Jul 29, 2020",0312643063,712,Hardcover
Vintage Baldwin,"Baldwin, James",,not set,"Jul 29, 2020",1400033942,208,Paperback
Go Tell it on the Mountain / Giovanni's Room / The Fire Next Time,"Baldwin, James",,not set,"Jul 29, 2020",,120,Paperback
Great American Authors Read from Their Works: 1,"Baldwin, James",,not set,"Jul 29, 2020",0991141407,0,Audio CD
African American Literature: Globe Multicultural Literature Collection,"Baldwin, James",,not set,"Jul 29, 2020",0835906108,153,Paperback
Jimmy's Blues: Selected Poems,"Baldwin, James",,not set,"Jul 29, 2020",0312051042,75,Paperback
Conversations with James Baldwin,"Baldwin, James",,not set,"Jul 29, 2020",0878053891,312,Paperback
Jimmy's Blues and Other Poems,"Baldwin, James",,not set,"Jul 29, 2020",0807084867,120,Paperback
Nobody Knows My Name,"Baldwin, James",,not set,"Jul 29, 2020",0679744738,242,Paperback
Tell Me How Long the Train's Been Gone,"Baldwin, James",,not set,"Jul 29, 2020",0375701893,496,Paperback
Collected Essays: Notes of a Native Son / Nobody Knows My Name / The Fire Next Time / No Name in the Street / The Devil Finds Work / Other Essays,"Baldwin, James",,not set,"Jul 29, 2020",1883011523,869,Hardcover
Just Above My Head,"Baldwin, James",,not set,"Jul 29, 2020",0385334567,584,Paperback
Sonny's Blues,"Baldwin, James",,not set,"Jul 29, 2020",3125765005,88,Paperback
Going to Meet the Man,"Baldwin, James",,not set,"Jul 29, 2020",,249,Paperback
Notes of a Native Son,"Baldwin, James",4.0,Jun 2024,"Jul 29, 2020",0807064319,192,Paperback
Another Country,"Baldwin, James",,not set,"Jul 29, 2020",0141186372,448,Paperback
If Beale Street Could Talk,"Baldwin, James",5.0,"Mar 05, 2025","Jul 29, 2020",0307275930,197,Paperback
Go Tell It on the Mountain,"Baldwin, James",,not set,"Jul 29, 2020",0141185910,256,Paperback
Giovanni’s Room,"Baldwin, James",5.0,"Oct 14, 2022","Jul 29, 2020",,159,Paperback
Women & Power: A Manifesto,"Beard, Mary",5.0,Jan 2019,"Jul 29, 2020",1631494759,115,Hardcover
Into the Wild,"Krakauer, Jon *",5.0,not set,"Jul 29, 2020",0385486804,207,Paperback
World War Z: An Oral History of the Zombie War,"Brooks, Max *",4.0,not set,"Jul 29, 2020",0307346609,342,Hardcover
The Bottom Billion: Why the Poorest Countries Are Failing and What Can Be Done About It,"Collier, Paul",4.0,not set,"Jul 29, 2020",0195311450,205,Hardcover
Outliers: The Story of Success,"Gladwell, Malcolm",4.0,not set,"Jul 29, 2020",0316017922,309,Hardcover
Slaughterhouse-Five,"Vonnegut Jr., Kurt",5.0,not set,"Jul 29, 2020",,275,Paperback
Escape from Freedom,"Fromm, Erich",4.0,not set,"Jul 29, 2020",0805031499,301,Paperback
"Thinking, Fast and Slow","Kahneman, Daniel",5.0,Nov 2024,"Jul 29, 2020",0374275637,499,Hardcover
I Am Legend,"Matheson, Richard",4.0,"May 04, 2022","Jul 29, 2020",0795315635,101,Kindle Edition
The Thing Around Your Neck,"Adichie, Chimamanda Ngozi",4.0,Aug 2020,"Jul 29, 2020",0307271072,218,Hardcover
Half of a Yellow Sun,"Adichie, Chimamanda Ngozi",,not set,"Jul 29, 2020",1400044162,435,Hardcover
Americanah,"Adichie, Chimamanda Ngozi",5.0,"Apr 18, 2022","Jul 29, 2020",,477,Hardcover
The Genius of Huey P. Newton,"Newton, Huey P.",,not set,"Jul 29, 2020",1564110672,35,Paperback
The Huey P. Newton Reader,"Newton, Huey P.",,not set,"Jul 29, 2020",158322467X,368,Paperback
Seize the Time: The Story of the Black Panther Party and Huey P. Newton,"Seale, Bobby",,not set,"Jul 29, 2020",093312130X,429,Paperback
To Die for the People: The Writings of Huey P. Newton,"Newton, Huey P.",,not set,"Jul 29, 2020",0863163270,232,Paperback
The Fifth Sally,"Keyes, Daniel",,not set,"Jul 29, 2020",0395294495,278,Hardcover
The Minds of Billy Milligan,"Keyes, Daniel",,not set,"Jul 29, 2020",0394519434,374,Hardcover
Self Portrait Che Guevara,"Guevara, Ernesto Che",,not set,"Jul 29, 2020",1876175826,305,Paperback
Back on the Road (Otra Vez): A Journey Through Latin America,"Guevara, Ernesto Che",,not set,"Jul 29, 2020",0802139426,160,Paperback
Reminiscences of the Cuban Revolutionary War: Authorized Edition,"Guevara, Ernesto Che",,not set,"Jul 29, 2020",1920888330,320,Paperback
Che Guevara Reader: Writings on Politics & Revolution,"Guevara, Ernesto Che",,not set,"Jul 29, 2020",1876175699,420,Paperback
Che Guevara: A Revolutionary Life,"Anderson, Jon Lee",,not set,"Jul 29, 2020",0802135587,814,Paperback
The Motorcycle Diaries: Notes on a Latin American Journey,"Guevara, Ernesto Che",5.0,Sep 2025,"Jul 29, 2020",1876175702,175,Paperback
Mr Salary,"Rooney, Sally *",4.0,Jan 2019,"Jul 29, 2020",0571351956,33,Paperback
American Poets in the 21st Century: The New Poetics,"Rankine, Claudia",,not set,"Jul 29, 2020",0819567280,416,Paperback
American Women Poets in the 21st Century: Where Lyric Meets Language,"Rankine, Claudia",,not set,"Jul 29, 2020",0819565474,452,Paperback
The End of the Alphabet: Poems,"Rankine, Claudia",,not set,"Jul 29, 2020",0802116345,100,Hardcover
The White Card: A Play,"Rankine, Claudia",,not set,"Jul 29, 2020",1555978398,94,Paperback
Don’t Let Me Be Lonely: An American Lyric,"Rankine, Claudia",5.0,Jan 2020,"Jul 29, 2020",1555974074,168,Paperback
Gil Scott- Heron: A Father and Son Story,"Goffe, Leslie Gordon",,not set,"Jul 29, 2020",9768202890,272,Paperback
The Nigger Factory,"Scott-Heron, Gil",,not set,"Jul 29, 2020",0802120539,256,Paperback
The Vulture,"Scott-Heron, Gil",,not set,"Jul 29, 2020",0862415284,256,Paperback
Gil Scott-Heron: Pieces of a Man,"Baram, Marcus *",,not set,"Jul 29, 2020",1250012783,320,Hardcover
The Last Holiday: A Memoir,"Scott-Heron, Gil",,not set,"Jul 29, 2020",0857863010,319,Hardcover
Their Eyes Were Watching God,"Hurston, Zora Neale",4.0,Jan 2019,"Jul 29, 2020",0061120065,238,Paperback
Mo' Meta Blues: The World According to Questlove,"Thompson, Ahmir Questlove",5.0,not set,"Jul 29, 2020",1455501352,288,Hardcover
That Reminds Me,"Owusu, Derek",5.0,"Sep 08, 2022     Jan 2020","Jul 29, 2020",152911859X,128,Hardcover
Collected Poems: 1950–2012,"Rich, Adrienne",,not set,"Jul 11, 2020",0393285111,"1,164",Hardcover
The Racial Imaginary: Writers on Race in the Life of the Mind,"Rankine, Claudia",,not set,"Jul 11, 2020",1934200794,256,Paperback
Citizen: An American Lyric,"Rankine, Claudia",5.0,"Apr 24, 2022","Jul 11, 2020",1555976905,169,Paperback
The Autobiography of Malcolm X,"X, Malcolm",5.0,"Sep 21, 2025","Jul 07, 2020",0141032723,528,Paperback
The Myth of Sisyphus,"Camus, Albert",,not set,"Jul 07, 2020",0141023996,134,Paperback
The Outsider,"Camus, Albert",5.0,not set,"Jul 07, 2020",0141198060,111,Paperback
The Assassination of Fred Hampton: How the FBI and the Chicago Police Murdered a Black Panther,"Haas, Jeffrey",,not set,"Jul 07, 2020",1556527659,424,Hardcover
Assata: An Autobiography,"Shakur, Assata",,not set,"Jul 07, 2020",1556520743,274,Paperback
An Autobiography,"Davis, Angela Y.",,not set,"Jul 07, 2020",0717806677,416,Paperback
Revolutionary Suicide,"Newton, Huey P.",5.0,not set,"Jul 07, 2020",110114047X,385,Kindle Edition
We Should All Be Feminists,"Adichie, Chimamanda Ngozi",4.0,not set,"Jul 07, 2020",0008115273,52,Paperback
The Fire Next Time,"Baldwin, James",5.0,not set,"Jul 07, 2020",0140182756,96,Paperback
I am not your negro,"Baldwin, James",4.0,Jan 2019,"Jul 07, 2020",0141986670,118,Paperback
A Personal Matter,"Ōe, Kenzaburō",5.0,Jan 2019,"Jul 07, 2020",0802150616,165,Paperback
Perfect Sound Whatever,"Acaster, James",5.0,Jan 2020,"Jul 07, 2020",1472260309,288,Hardcover
Football Hackers: The Science and Art of a Data Revolution,"Biermann, Christoph",5.0,Jan 2019,"Jul 07, 2020",1788702050,304,Paperback
Fela: This Bitch of A Life,"Moore, Carlos",4.0,Jan 2020,"Jul 07, 2020",,288,Kindle Edition
The Book Thief,"Zusak, Markus *",4.0,Jan 2020,"Jul 07, 2020",,499,Kindle Edition
Now and Then...,"Scott-Heron, Gil",5.0,Jan 2020,"Jul 07, 2020",086241900X,144,Paperback
Normal People,"Rooney, Sally *",5.0,Jan 2020,"Jul 07, 2020",,266,Paperback
Why I'm No Longer Talking to White People About Race,"Eddo-Lodge, Reni",5.0,Jan 2019,"Jul 07, 2020",1408870584,270,Paperback
