title,author,rating,date_read,date_added,isbn,pages,format
The 12 Week Year,"Moran, Brian P.",4.0,2025-12-09,2025-12-08,,208,Nook
The Power of Habit: Why We Do What We Do in Life and Business,"Duhigg, Charles *",,,2025-12-08,1400069289,375,Hardcover
No Longer Human,"Dazai, Osamu",,,2025-12-06,,176,Paperback
Easy Way to Control Alcohol,"Carr, Allen",4.0,2025-12-03,2025-12-03,0572028504,188,Paperback
"Funny, You Don't Look Autistic: A Comedian's Guide to Life on the Spectrum","McCreary, Michael",4.0,2025-11-30,2025-11-30,1773212575,166,Paperback
438 Days: An Extraordinary True Story of Survival at Sea,"Franklin, Johan *",,,2025-11-18,1501116290,288,Hardcover
"The Year of Less: How I Stopped Shopping, Gave Away My Belongings, and Discovered Life Is Worth More Than Anything You Can Buy in a Store","Flanders, Cait *",4.0,2025-11-12,2025-11-12,1401954871,189,Hardcover
Windswept & Interesting: My Autobiography,"Connolly, Billy",5.0,2025-11-10,2025-11-10,,356,Kindle Edition
The Heart Is a Lonely Hunter,"McCullers, Carson",,,2025-11-08,0618084746,359,Paperback
Eugene V. Debs Speaks,"Debs, Eugene V.",,,2025-11-07,0873481321,328,Paperback
Labor and Freedom,"Debs, Eugene V.",,,2025-11-07,,175,
Writings of Eugene V. Debs,"Debs, Eugene V.",,,2025-11-07,1934941484,172,Paperback
On Tyranny: Twenty Lessons from the Twentieth Century,"Snyder, Timothy *",4.0,2025-11-04,2025-11-03,0804190119,127,Paperback
The Unbearable Lightness of Being,"Kundera, Milan",,,2025-11-02,0571224385,314,Paperback
Patrice Lumumba: Africa's Lost Leader,"Zeilig, Leo *",,,2025-10-30,190579102X,176,Paperback
"Lumumba Speaks: The Speeches and Writings of Patrice Lumumba, 1958-1961","Lumumba, Patrice",,,2025-10-30,0316536504,433,Paperback
Strategic Analytics: The Insights You Need from Harvard Business Review,Harvard Business Review,4.0,2025-10-30,2025-10-29,1633698998,160,Kindle Edition
"Believe Me: A Memoir of Love, Death, and Jazz Chickens","Izzard, Eddie",5.0,2025-10-27,2025-10-26,1611764696,15,Audio CD
"The AI-Powered Enterprise: Harness the Power of Ontologies to Make Your Business Smarter, Faster, and More Profitable","Earley, Seth",,,2025-10-16,1928055524,419,Kindle Edition
Through jungle and desert;: Travels in eastern Africa,"Chanler, William Astor",,,2025-10-13,0403004381,535,Hardcover
Can Everyone Please Calm Down?: A Guide to 21st Century Sexuality,"Martin, Mae",5.0,2025-10-11,2025-10-11,152636171X,288,Kindle Edition
Mae Martin's Guide to 21st Century Addiction and Sexuality,"Martin, Mae",,,2025-10-11,1787537579,2,Audiobook
A Little Gay History: Desire and Diversity Around the World,"Parkinson, R.B.",,,2025-10-10,0714151009,128,Paperback
AFTERSHOCK: Essays from Hong Kong,"Chan, Holmes",,,2025-10-06,9887734578,91,Paperback
Maximum City: Bombay Lost and Found,"Mehta, Suketu",,,2025-10-04,0375703403,542,Paperback
Route 666: On the Road to Nirvana,"Arnold, Gina",,,2025-10-02,0312093764,228,Paperback
The Long Walk,"Bachman, Richard",4.0,,2025-10-01,0451196716,370,Mass Market Paperback
Embrace Discomfort: Lean Into Challenge to Improve Your Life,"Easter, Michael *",4.0,2025-09-29,2025-09-29,,,Audible Audio
The Middle Passage: From Misery to Meaning in Midlife,"Hollis, James",,,2025-09-25,0919123600,127,Paperback
Football Against the Enemy,"Kuper, Simon",,,2025-09-24,1857975588,256,Hardcover
Road Work,"King, Stephen *",,,2025-09-22,,,Unknown Binding
Policing the Pleasuredome: Kowloon 1992,"Sharp, Mike",,,2025-09-20,,282,Kindle Edition
A Doll's House,"Ibsen, Henrik",,,2025-09-17,1406914835,122,Paperback
White Nights and Other Stories,"Dostoyevsky, Fyodor",,,2025-09-15,9361901508,389,Kindle Edition
The First 90 Days: Critical Success Strategies for New Leaders at All Levels,"Watkins, Michael D.",3.0,2025-08-20,2025-08-19,1422188612,304,Hardcover
The Bell Jar,"Plath, Sylvia",,,2025-08-16,0060837020,288,Paperback
Yardsticks For Failure: Adventures in Friendship and Fluster: the hilarious debut from the Taskmaster Season 15 contestant,"Graham, Ivo",4.0,2025-08-13,2025-08-13,1035411326,306,Kindle Edition
All Watched Over by Machines of Loving Grace,"Brautigan, Richard",4.0,2025-08-11,2025-08-11,,36,Paperback
If a Lion Could Talk,"Walker, Mildred",,,2025-08-11,0803297785,277,Paperback
How to Find Fulfilling Work         (School of Life Book 2),"Krznaric, Roman *",5.0,2025-08-29,2025-08-05,0230766110,161,Kindle Edition
The Impossible City: A Hong Kong Memoir,"Cheung, Karen",4.0,,2025-08-01,0593241436,352,Hardcover
Havana Gold: The Havana Quartet,"Padura Fuentes, Leonardo",,,2025-07-24,1913394298,288,Kindle Edition
"Toxic: Women, Fame, and the Tabloid 2000s","Ditum, Sarah",,,2025-07-20,1419763113,352,Hardcover
"Getting Better: Life lessons on going under, getting over it, and getting through it","Rosen, Michael",5.0,2025-07-08,2025-07-08,,252,Kindle Edition
Carrie Soto Is Back,"Reid, Taylor Jenkins *",,,2025-07-01,,359,Kindle Edition
Help,"Amstell, Simon",5.0,2025-06-19,2025-06-18,1910931543,209,Hardcover
DarkMarket: How Hackers Became the New Mafia,"Glenny, Misha *",,,2025-06-11,0099546558,432,Paperback
Eleanor Oliphant Is Completely Fine,"Honeyman, Gail",3.0,2025-06-08,2025-06-08,,401,Kindle Edition
Marco Polo and the Wonders of the East,"Marcovitz, Hal",3.0,2025-05-27,2025-05-27,0791055116,112,Library Binding
"Hack Your Body, Heal Your Mind","Studios, Bbc",4.0,2025-05-21,2025-05-20,,3,Audible Audio
Training the Mind and Cultivating Loving-Kindness,"Trungpa, Chögyam",4.0,2025-05-14,2025-05-13,1590300513,144,Paperback
"Blueprint for Revolution: How to Use Rice Pudding, Lego Men, and Other Nonviolent Techniques to Galvanize Communities, Overthrow Dictators, or Simply Change the World","Popovic, Srdja",,,2025-05-13,0812995309,304,Paperback
Unwired: Gaining Control over Addictive Technologies,"Bernstein, Gaia *",,,2025-05-13,100925796X,248,Kindle Edition
Homeseeking,"Chen, Karissa *",,,2025-05-08,0593712994,512,Hardcover
Mỹ Documents,"Nguyen, Kevin *",,,2025-05-07,0593731689,352,Hardcover
Disappoint Me,"Dinan, Nicola",,,2025-05-07,0593977874,320,Hardcover
Luminous,"Park, Silvia *",,,2025-05-07,1668021668,391,Hardcover
The Emperor of Gladness,"Vuong, Ocean",,,2025-05-07,059383187X,416,Hardcover
Selected Poems of Ezra Pound,"Pound, Ezra",,,2025-05-02,0811201627,184,Paperback
And Away...,"Mortimer, Bob",4.0,2025-04-30,2025-04-30,1398505293,323,Hardcover
The Age of Unpeace: How Connectivity Causes Conflict,"Leonard, Mark",,,2025-04-25,1787634655,240,Hardcover
What Does China Think?,"Leonard, Mark",5.0,2025-04-25,2025-04-25,1586484842,176,Hardcover
Sunrise on the Reaping,"Collins, Suzanne",,2025-04-25,2025-04-23,0702340588,420,
Orbital,"Harvey, Samantha",4.0,2025-04-22,2025-04-21,0802161545,224,Hardcover
The Chronicles of DOOM: Unraveling Rap's Masked Iconoclast,"Jr., S.H. Fernando",,,2025-04-05,1662602170,352,Hardcover
Fear of Flying,"Jong, Erica",,,2025-04-03,,461,Paperback
This Charming Man,"Keyes, Marian",5.0,2025-03-27,2025-03-27,0718149122,704,Hardcover
Glutton: The Multi-Course Life of a Very Greedy Boy,"Gamble, Ed",4.0,2025-03-25,2025-03-25,1529194695,279,Kindle Edition
Waiting for Robots: The Hired Hands of Automation,"Casilli, Antonio A.",,,2025-03-22,0226820955,325,Paperback
"My Animals, and Other Animals: A memoir of sorts","Bailey, Bill",4.0,2025-03-18,2025-03-18,1529436168,304,Kindle Edition
The Man with the Compound Eyes,"Wu, Ming-Yi",4.0,2025-03-09,2025-03-08,1448130905,304,Kindle Edition
What White People Can Do Next: From Allyship to Coalition – An Empowering Guide to Interrogating Whiteness and Creating Justice,"Dabiri, Emma",5.0,2025-03-09,2025-03-08,006311271X,176,Paperback
'There Ain't no Black in the Union Jack': The Cultural Politics of Race and ion,"Gilroy, Paul",,,2025-03-05,0226294277,280,Paperback
The Seven Husbands of Evelyn Hugo,"Reid, Taylor Jenkins *",,,2025-02-28,,398,Kindle Edition
The Message,"Coates, Ta-Nehisi",,,2025-02-26,0593230388,232,Hardcover
Selected Poems,"Hughes, Langston",,,2025-02-24,067972818X,297,Paperback
The Collected Poems,"Hughes, Langston",,,2025-02-24,0679764089,736,Paperback
Like the Singing Coming off the Drums: Love Poems,"Sanchez, Sonia",,,2025-02-24,0807068438,144,Paperback
Homegirls & Handgrenades         (Celebrating Black Women Writers Book 8),"Sanchez, Sonia",5.0,2025-07-24,2025-02-24,0807012963,104,Kindle Edition
Shake Loose My Skin: New and Selected Poems,"Sanchez, Sonia",,,2025-02-24,0807068535,168,Paperback
Sufjan Stevens' Carrie & Lowell         (33 1/3),"Mayward, Joel",,,2025-02-22,,160,Paperback
Stone Roses’ The Stone Roses         (33 1/3),"Green, Alex *",,,2025-02-22,,141,Kindle Edition
Modest Mouse’s The Moon & Antarctica         (33 1/3),"Petit, Zachary *",,,2025-02-22,,160,Paperback
Nick Drake's Pink Moon         (33 1/3),"Petrusich, Amanda *",,,2025-02-22,,,Audible Audio
A Tribe Called Quest's People's Instinctive Travels And the Paths of Rhythm         (33 1/3),"Taylor, Shawn",,,2025-02-22,,128,Paperback
The Minutemen's Double Nickels on the Dime         (33 1/3 Book 45),"Fournier, Michael T. *",,,2025-02-22,1441122168,124,Kindle Edition
Oasis' Definitely Maybe         (33 1/3),"Niven, Alex",4.0,2025-06-02,2025-02-22,1623566762,141,Kindle Edition
Dinosaur Jr.'s You're Living All Over Me         (33 1/3 Book 82),"Attfield, Nick",,,2025-02-22,,160,Kindle Edition
Pavement's Wowee Zowee         (33 1/3),"Charles, Bryan",,,2025-02-22,1441103775,160,Kindle Edition
Outkast's Aquemini         (33 1/3),"Schmelling, Michael",,,2025-02-22,0826429084,144,Paperback
Elliott Smith's XO         (33 1/3 Book 63),"LeMay, Matthew",,,2025-02-22,1441160094,143,Kindle Edition
Slint's Spiderland         (33 1/3 Book 75),"Tennent, Scott",5.0,2025-04-03,2025-02-22,,160,Kindle Edition
J Dilla's Donuts         (33 1/3 Book 93),"Ferguson, Jordan *",,,2025-02-22,162356719X,153,Kindle Edition
Men Without Women,"Murakami, Haruki",4.0,2025-02-21,2025-02-20,0385689454,242,Kindle Edition
Memorial Days,"Brooks, Geraldine *",,,2025-02-13,059365398X,224,Hardcover
Year of Wonders,"Brooks, Geraldine *",,,2025-02-13,0142001430,304,Paperback
North Woods,"Mason, Daniel *",,,2025-02-13,0593597036,372,Hardcover
The Eden Express: A Memoir of Insanity,"Vonnegut, Mark *",,,2025-02-05,1583225439,304,Paperback
The Song of Achilles,"Miller, Madeline *",5.0,2025-02-03,2025-02-03,,0,Unbound
The Genocides,"Disch, Thomas M.",,,2025-02-02,0375705465,162,Paperback
Camp Concentration,"Disch, Thomas M.",,,2025-02-02,0375705457,184,Paperback
The White Album,"Didion, Joan",4.0,2025-02-03,2025-02-02,0374532079,224,Paperback
World Builders: Technology and the New Geopolitics,"Maçães, Bruno",,,2025-01-31,1009397389,274,Hardcover
"The Ballad of Songbirds and Snakes         (The Hunger Games, #0)","Collins, Suzanne",,2025-02-23,2025-01-30,0702300187,541,Kindle Edition
The Vegetarian,"Han, Kang",5.0,2025-01-31,2025-01-30,0553448188,158,Hardcover
Galatea,"Miller, Madeline *",5.0,2025-01-29,2025-01-29,1408848147,27,Kindle Edition
The Art of Loving,"Fromm, Erich",5.0,2025-01-28,2025-01-28,0061129739,180,Paperback
Fever Pitch,"Hornby, Nick",,,2025-01-27,1573226882,247,Paperback
How to Tell a Story and Other Essays,"Twain, Mark",3.0,2025-01-23,2025-01-22,0195101499,336,Hardcover
On the Decay of the Art of Lying,"Twain, Mark",5.0,,2025-01-22,1557090742,32,Hardcover
AI Ethics,"Coeckelbergh, Mark",4.0,2025-01-23,2025-01-22,0262538199,248,Paperback
The Diaries of Adam and Eve,"Twain, Mark",5.0,2025-01-21,2025-01-20,,95,Paperback
Fresh India,"Sodha, Meera",,,2025-01-18,0241200423,304,Hardcover
"The Coming Wave: Technology, Power, and the Twenty-first Century's Greatest Dilemma","Suleyman, Mustafa",5.0,2025-01-17,2025-01-16,0593593952,332,Hardcover
We,"Zamyatin, Yevgeny",4.0,,2025-01-14,0140185852,256,Paperback
Hidden Potential: The Science of Achieving Greater Things,"Grant, Adam M. *",5.0,2025-02-25,2025-01-14,0593653149,304,Hardcover
"Stay Alive, My Son","Yathay, Pin",,,2025-01-14,0801486998,272,Paperback
In the Shadow of the Banyan,"Ratner, Vaddey *",,,2025-01-13,,338,Kindle Edition
The Essence of the Heart Sutra: The Dalai Lama's Heart of Wisdom Teachings,Dalai Lama XIV,3.0,2025-01-14,2025-01-13,0861712846,180,Paperback
Forever Changes,"Hultkrans, Andrew",4.0,2025-01-04,2025-01-04,0826414931,136,Paperback
The Communist Manifesto,"Marx, Karl",4.0,,2025-01-03,0140447571,288,Paperback
Strong Female Character,"Brady, Fern *",5.0,2024-12-29,2024-12-24,1914240448,288,Hardcover
Eleven Rings: The Soul of Success,"Jackson, Phil",,,2024-12-05,1611761670,,Audio CD
Coraline,"Gaiman, Neil *",5.0,2024-11-30,2024-11-29,0061139378,208,Paperback
"The Wee Free Men         (Discworld, #30; Tiffany Aching, #1)","Pratchett, Terry",,,2024-11-25,0060012382,375,Mass Market Paperback
"A Hat Full of Sky         (Discworld, #32; Tiffany Aching, #2)","Pratchett, Terry",,,2024-11-25,055255264X,352,Mass Market Paperback
Politics On the Edge: A Memoir From Within,"Stewart, Rory",,,2024-11-20,,436,Kindle Edition
Jailbird,"Vonnegut Jr., Kurt",3.0,2024-11-20,2024-11-19,0385333900,310,Paperback
Is That it?,"Geldof, Bob",,,2024-11-16,0330442929,423,Paperback
JUST FOR ONE HOUR: Moments I pinched myself in the music industry,"Kennedy, John *",,,2024-11-11,1068518413,,Kindle Edition
English Poems,"Pessoa, Fernando",4.0,2024-11-10,2024-11-09,9898392444,65,Kindle Edition
"Night Watch         (Discworld, #29; City Watch, #6)","Pratchett, Terry",,,2024-11-01,055215430X,480,Paperback
Desiderata of Happiness,"Ehrmann, Max",,,2024-10-31,051788514X,62,Paperback
Go Big: How To Fix Our World,"Miliband, Ed",5.0,2025-01-13,2024-10-30,184792624X,288,Hardcover
Chasing the Dragon: One Womans Struggle Against the Darkness of Hong Kong's Drug Dens,"Pullinger, Jackie",,,2024-10-29,0830734007,256,Paperback
"Quiet Leadership: Winning Hearts, Minds and Matches","Ancelotti, Carlo",5.0,2024-11-24,2024-10-28,,312,Kindle Edition
The Poems of Max Ehrmann,"Ehrmann, Max",,,2024-10-28,,95,Hardcover
Johan Strange & Mr Norrell,"Clarke, Susanna",,,2024-10-25,,,Paperback
"Again, Rachel         (Walsh Family, #6)","Keyes, Marian",5.0,,2024-10-24,0241441137,577,Paperback
Dream of the Red Chamber,Cao Xueqin,,,2024-10-21,0385093799,329,Paperback
Man After Man: An Anthropology of the Future,"Dixon, Dougal",,,2024-10-21,0312035608,128,Hardcover
Desiderata - A Survival Guide For Life,"Ehrmann, Max",,,2024-10-21,009188909X,56,Paperback
The Sciences of the Artificial,"Simon, Herbert A.",,,2024-10-21,0262691914,248,Paperback
Sources of Power: How People Make Decisions,"Klein, Gary",,,2024-10-21,0262611465,338,Paperback
The Black Swan: The Impact of the Highly Improbable,"Taleb, Nassim Nicholas *",,,2024-10-20,1400063515,480,Hardcover
The Essential Dogen: Writings of the Great Zen Master,Dōgen,5.0,2024-10-14,2024-10-14,1611800412,272,Paperback
Black Arsenal,"Nwonka, Clive",5.0,,2024-10-12,139961374X,307,Kindle Edition
The Alastair Campbell Diaries: Volume One: Prelude to Power 1994-1997,"Campbell, Alastair",,,2024-10-09,0091797268,774,Hardcover
How to Win the Premier League: The Inside Story of Football’s Data Revolution,"Graham, Ian *",4.0,2024-10-03,2024-10-03,1804950319,295,Kindle Edition
Neil Young's Harvest,"Inglis, Sam",4.0,2024-10-09,2024-09-30,,128,Kindle Edition
Smile at Fear: Awakening the True Heart of Bravery,"Trungpa, Chögyam",4.0,2024-09-28,2024-09-27,1590306961,124,Hardcover
How to Score: Science and the Beautiful Game,"Bray, Ken",,,2024-09-27,1862079889,229,Paperback
The Penguin History of Latin America,"Williamson, Edwin",,,2024-09-25,0140125590,631,Paperback
Striker!,"Bruce, Steve R.",3.0,2024-09-16,2024-09-15,1841990116,128,Paperback
The Call of the Weird: Travels in American Subcultures,"Theroux, Louis",4.0,2024-08-21,2024-08-21,0306815036,266,Hardcover
Weirdo,"Pascoe, Sara",4.0,,2024-08-17,0571374522,359,Hardcover
Bluets,"Nelson, Maggie",,,2024-08-14,1933517409,112,Paperback
Joy Division's Unknown Pleasures (33 1/3) by Chris Ott         (33 1/3) by Chris Ott (2003-10-30),"Ott, Chris",4.0,2024-08-07,2024-08-07,,,Unknown Binding
"The Bullet That Missed         (Thursday Murder Club, #3)","Osman, Richard",3.0,,2024-08-03,0241512425,413,Hardcover
The Art of Not Being Governed: An Anarchist History of Upland Southeast Asia,"Scott, James C.",,,2024-07-31,0300152280,464,Hardcover
Seeing Like a State: How Certain Schemes to Improve the Human Condition Have Failed,"Scott, James C.",,,2024-07-31,0300078153,461,Paperback
I Swear I Was There,"Nolan, David",,,2024-07-24,0954970497,208,Paperback
Kierkegaard: Great Thinkers on Modern Life,"Ferguson, Robert",,,2024-07-21,1605988049,120,Paperback
Candide,Voltaire,4.0,2024-07-21,2024-07-20,0486266893,129,Paperback
Bergson,"Foley, Michael",5.0,2024-07-20,2024-07-20,1605986763,124,Paperback
The Diary of a Young Girl,"Frank, Anne",,,2024-07-19,,283,Mass Market Paperback
Knife: Meditations After an Attempted Murder,"Rushdie, Salman",,,2024-07-18,0593730240,209,Hardcover
Where Sleeping Girls Lie,"Àbíké-Íyímídé, Faridah *",,,2024-07-18,1250800846,416,Hardcover
Martyr!,"Akbar, Kaveh",,,2024-07-18,0593537610,331,Hardcover
Delicacy,"Wix, Katy",,,2024-07-18,1472261194,288,Hardcover
"No Mud, No Lotus: The Art of Transforming Suffering",Thich Nhat Hanh,4.0,2024-07-18,2024-07-18,1937006859,128,Paperback
Arkitek Jalanan,"Abdullah, Teme *",,,2024-07-17,9832423430,328,Paperback
Second Treatise of Government,"Locke, John",,,2024-07-17,0915144867,124,Paperback
A Letter Concerning Toleration,"Locke, John",,,2024-07-17,091514560X,72,Paperback
"Sky Above, Great Wind: The Life and Poetry of Zen Master Ryokan",Ryokan,4.0,2024-06-27,2024-06-26,1590309820,272,Paperback
Under a White Sky: The ure of the Future,"Kolbert, Elizabeth *",,,2024-06-19,0593136276,234,Hardcover
In the Aeroplane Over the Sea,"Cooper, Kim *",5.0,,2024-06-19,082641690X,104,Paperback
Stonewall: Breaking Out in the Fight for Gay Rights,"Bausum, Ann *",4.0,,2024-06-13,0670016799,128,Hardcover
The Bloody Chamber and Other Stories,"Carter, Angela",3.0,,2024-06-11,014017821X,128,Paperback
The Life And Death Of Andy Warhol,"Bockris, Victor",,,2024-06-08,1857028058,,Paperback
"Rachel's Holiday         (Walsh Family, #2)","Keyes, Marian",5.0,2024-06-07,2024-06-08,0060090383,578,Paperback
Sidesplitter: How To Be From Two Worlds At Once,"Wang, Phil",5.0,,2024-06-06,1529350271,304,Hardcover
Please Kill Me: The Uncensored Oral History of Punk,"McNeil, Legs",,,2024-06-05,0802142648,488,Paperback
"Soul Music         (Discworld, #16; Death, #3)","Pratchett, Terry",3.0,2024-05-29,2024-05-29,057506689X,288,Hardcover
The Amazing Adventures of Phoenix Jones: And the Less Amazing Adventures of Some Other Real-Life Superheroes,"Ronson, Jon",,,2024-05-09,1101568313,68,Kindle Edition
"This American Life Personalities: David Rakoff, Dan Savage, David Sedaris, John Hodgman, Sarah Vowell, IRA Glass, Jon Ronson, Julia Sweeney","LLC, Books",,,2024-05-09,1155856872,158,Paperback
Out of the Ordinary: True Tales of Everyday Craziness,"Ronson, Jon",,,2024-05-09,0330448323,328,Paperback
The Elephant in the Room: A Journey into the Trump Campaign and the “Alt-Right”,"Ronson, Jon",4.0,2024-05-28,2024-05-09,,57,Kindle Edition
Consider the Lobster and Other Essays,"Wallace, David Foster",5.0,2024-05-10,2024-05-08,0316156116,343,Hardcover
Stories of the Sahara,Sanmao,,,2024-05-08,140888187X,416,Hardcover
String Theory: David Foster Wallace on Tennis,"Wallace, David Foster",,,2024-05-07,1598534807,138,Hardcover
"Reaper Man         (Discworld, #11; Death, #2)","Pratchett, Terry",3.0,2024-04-30,2024-04-29,0552152951,289,Paperback
"Jingo         (Discworld, #21; City Watch, #4)","Pratchett, Terry",4.0,2024-04-16,2024-04-15,0552154164,461,Paperback
To the Lighthouse,"Woolf, Virginia",,,2024-04-05,,209,Paperback
Leaf Storm,"García Márquez, Gabriel",,,2024-04-05,0141032561,119,Paperback
"The Man Who Died Twice         (Thursday Murder Club, #2)","Osman, Richard",4.0,2024-04-05,2024-04-05,,422,Kindle Edition
A Little Devil in America: Notes in Praise of Black Performance,"Abdurraqib, Hanif",,,2024-04-04,1984801198,301,Hardcover
Crossing the Mangrove,"Condé, Maryse",,,2024-04-03,0385476337,208,Paperback
"Segu         (Ségou, #1)","Condé, Maryse",,,2024-04-03,014025949X,493,Paperback
"I, Tituba, Black Witch of Salem","Condé, Maryse",,,2024-04-03,0345384202,225,Paperback
The Singularity is Near: When Humans Transcend Biology,"Kurzweil, Ray",,,2024-04-01,0143037889,652,Paperback
How to Create a Mind: The Secret of Human Thought Revealed,"Kurzweil, Ray",,,2024-04-01,0670025291,336,Hardcover
"An Historical Relation of the Island Ceylon, in the East-Indies","Knox, Robert",,,2024-03-30,1406529346,,Paperback
Notes from the Underground,"Dostoevsky, Fyodor",,,2024-03-29,,96,Paperback
Micromegas,Voltaire,5.0,2024-03-28,2024-03-28,0140389024,38,Mass Market Paperback
Civil Disobedience and Other Essays,"Thoreau, Henry David",,,2024-03-27,1420925229,188,Paperback
Walden & Civil Disobedience,"Thoreau, Henry David",,,2024-03-27,0451529456,320,Mass Market Paperback
Running in the Family,"Ondaatje, Michael",4.0,2024-04-02,2024-03-25,,208,Paperback
Island of a Thousand Mirrors,"Munaweera, Nayomi *",,,2024-03-25,125004393X,242,Hardcover
The Skull,"Dick, Philip K.",2.0,2024-03-23,2024-03-23,,32,Kindle Edition
Girl on a Train,"Waines, A.J. *",,,2024-03-22,1508647941,434,Paperback
The Audacity,"Ryan, Katherine",4.0,2024-03-21,2024-03-21,1788704010,294,Kindle Edition
"A Wrinkle in Time         (Time Quintet, #1)","L'Engle, Madeleine",4.0,2024-03-21,2024-03-18,1250153271,218,Paperback
"Death and What Comes Next         (Discworld, #10.5; Death, #1.5)","Pratchett, Terry",,,2024-03-18,,1,ebook
"Pyramids         (Discworld, #7)","Pratchett, Terry",3.0,2024-03-19,2024-03-18,0061020656,341,Paperback
If It Bleeds         (Holly Gibney #2),"King, Stephen *",,,2024-03-18,,438,Kindle Edition
Yoga Mala,"jois, K. Pattabhi",4.0,2024-03-12,2024-03-12,0970050119,137,Hardcover
The Overcoat,"Gogol, Nikolai",,,2024-03-11,1419176528,57,Paperback
Family Happiness and Other Stories,"Tolstoy, Leo",,,2024-03-11,0486440818,208,Paperback
The 120 Days of Sodom,"Sade, Marquis de",,,2024-03-11,1604594187,376,Paperback
Lusts of the Libertines,"Sade, Marquis de",,,2024-03-11,1871592593,,Paperback
The Sunlit Man,"Sanderson, Brandon *",,,2024-03-11,1938570391,447,Hardcover
Good Material,"Alderton, Dolly",,,2024-03-11,059380130X,319,Hardcover
Baby X,"Peikoff, Kira *",,,2024-03-11,1639106332,326,Hardcover
The Essential Dick Gregory,"Gregory, Dick",5.0,2024-03-11,2024-03-11,0062879200,288,Hardcover
Invisible York,"Simpson, Aden *",5.0,,2024-03-09,0995352356,294,Paperback
The Reincarion of Tom,"Simpson, Aden *",,,2024-03-09,0995352399,274,Paperback
On Solitude,"Montaigne, Michel de",,,2024-03-07,0141043857,121,Mass Market Paperback
"Troll Bridge         (Discworld, #16.5)","Pratchett, Terry",4.0,2024-03-07,2024-03-06,,10,
"The Thursday Murder Club         (Thursday Murder Club, #1)","Osman, Richard",4.0,2024-03-04,2024-03-04,,382,Kindle Edition
The Fifth Child,"Lessing, Doris",,,2024-03-03,0679721827,133,Paperback
Small Worlds,"Nelson, Caleb Azumah",,,2024-02-27,024157434X,260,Paperback
Open Water,"Nelson, Caleb Azumah",4.0,2024-03-08,2024-02-27,0241448778,145,Hardcover
"Feet of Clay         (Discworld, #19; City Watch, #3)","Pratchett, Terry",4.0,,2024-02-27,0552153257,368,Paperback
Cunk on Everything: The Encyclopedia Philomena,"Cunk, Philomena",4.0,2024-02-22,2024-02-22,1538766760,304,Hardcover
Rock Albums of the '70s: A Critical Guide,"Christgau, Robert",,,2024-02-21,0306804093,480,Paperback
The Men Who Stare at Goats,"Ronson, Jon",4.0,2024-02-20,2024-02-20,0743270606,259,Paperback
Medusa,"Burton, Jessie",5.0,2024-02-16,2024-02-16,1547607599,224,Hardcover
"Wyrd Sisters         (Discworld, #6; Witches, #2)","Pratchett, Terry",4.0,2024-02-14,2024-02-13,0061020664,265,Mass Market Paperback
Cuba: Music and revolution: Original album cover art of Cuban music,"Baker, Stuart",,,2024-02-13,1916359809,256,Hardcover
An African American and Latinx History of the United States,"Ortiz, Paul",,,2024-02-12,0807013102,296,Hardcover
"Africa United: Soccer, Passion, Politics, and the First World Cup in Africa – From Cairo to the Cape: An Investigative Account","Bloomfield, Steve",,,2024-02-12,0061984957,299,Paperback
The Prophet,"Gibran, Kahlil",5.0,2024-03-26,2024-02-12,000100039X,127,Paperback
"Men at Arms         (Discworld, #15; City Watch, #2)","Pratchett, Terry",5.0,2024-02-12,2024-02-11,0061092193,377,Mass Market Paperback
"Theatre of Cruelty         (Discworld, #14.5; City Watch, #1.5)","Pratchett, Terry",4.0,,2024-02-11,,4,ebook
Whats That Lady Doing? False starts and happy endings.,"Sanders, Lou",5.0,2024-02-11,2024-02-11,1788708571,288,Hardcover
"The Luck Factor: Changing Your Luck, Changing Your Life - The Four  Essential Principles","Wiseman, Richard",,,2024-02-10,0786869143,240,Hardcover
"Myths and Maxims: A Catalog of Superstitions, Spirits and Sayings of Trinidad and Tobago and the Caribbean","Leid, Josanne",5.0,2024-02-10,2024-02-10,0993768407,102,Kindle Edition
Riding the Bullet,"King, Stephen *",4.0,2024-02-06,2024-02-05,0743525876,66,Audio Cassette
"Graveyard Shift, and Other Stories from Night Shift","King, Stephen *",5.0,2024-02-04,2024-02-04,0553472453,0,Audio Cassette
Sinbad,"Vonnegut Jr., Kurt",4.0,2024-02-04,2024-02-04,,30,Kindle Edition
Rumi: Tales to Live By,"Kapur, Kamla K. *",4.0,,2024-01-31,9386348934,165,Paperback
Dreams,"Jung, Carl",,,2024-01-28,0691017921,354,Paperback
Synchronicity: An Acausal Connecting Principle,"Jung, Carl",,,2024-01-28,0691017948,115,Paperback
The Undiscovered Self,"Jung, Carl",,,2024-01-28,0451217322,112,Paperback
Man and His Symbols,"Jung, Carl",,,2024-01-28,0440351839,415,Mass Market Paperback
Fog,"Sandburg, Carl",,,2024-01-20,,,Unknown Binding
Selected Poems,"Sandburg, Carl",,,2024-01-20,159853100X,220,Hardcover
Abraham Lincoln: The Prairie Years and the War Years,"Sandburg, Carl",,,2024-01-20,0883658321,762,Hardcover
"Carl Sandburg         (Poetry for Young People, #3)","Sandburg, Carl",,,2024-01-20,0806908181,48,Hardcover
Total Loss Farm: A Year in the Life,"Mungo, Raymond",,,2024-01-16,0914842161,179,Hardcover
The Marijuana Chronicles,"Santlofer, Johan",,,2024-01-16,1617751634,280,Paperback
Slice of Life,"Vonnegut Jr., Kurt",4.0,2024-01-13,2024-01-13,0795349769,32,Kindle Edition
Foster,"Keegan, Claire",3.0,2023-12-31,2023-12-31,0571255655,89,Paperback
"Before the Coffee Gets Cold         (Before the Coffee Gets Cold, #1)","Kawaguchi, Toshikazu",5.0,2023-12-28,2023-12-28,1529029589,213,Paperback
Losing the Plot,"Owusu, Derek",4.0,2023-12-27,2023-12-27,1838855637,123,Kindle Edition
Dancehall: The Story of Jamaican Dancehall Culture By Beth Lesser,"Lesser, Beth",,,2023-12-22,0955481716,216,Paperback
"The History of Sexuality, Volume 1: An Introduction","Foucault, Michel",,,2023-12-22,0679724699,176,Paperback
The History of Trinidad and Tobago: Soca Dreams and Rainforest Streams,"Floras-Lopez, Isabella",5.0,2023-12-10,2023-12-10,,85,Kindle Edition
History of the People of Trinidad & Tobago,"Williams, Eric",,,2023-12-10,1881316653,292,Hardcover
The Third Sex: Kathoey: Thailand's Ladyboys,"Totman, Richard",5.0,2023-11-28,2023-11-27,0285636685,196,Hardcover
Ascension,"Binge, Nicholas *",,,2023-11-22,0593539583,344,Hardcover
Summary & Study Guide Among the Thugs by Bill Buford,BookRags,,,2023-11-21,,31,Kindle Edition
Among the Thugs,"Buford, Bill",,,2023-11-21,0679745351,320,Paperback
"Why ions Fail: The Origins of Power, Prosperity, and Poverty","Acemoğlu, Daron",,,2023-11-14,0307719219,529,Hardcover
A Bend in the River,"Naipaul, V.S.",,,2023-11-12,0330487140,336,Paperback
A House for Mr Biswas,"Naipaul, V.S.",,,2023-11-12,0330487191,623,Paperback
The Dragon Can't Dance,"Lovelace, Earl",5.0,2023-12-27,2023-11-12,0892552727,240,Paperback
Brighter Sun,"Selvon, Sam",,,2023-11-12,0582642655,240,Paperback
The Lonely Londoners,"Selvon, Sam",,,2023-11-12,0582642647,142,Paperback
The Wine of Astonishment,"Lovelace, Earl",,,2023-11-12,0435988808,160,Paperback
Assisted Dying,"Nanda, Serena",,,2023-11-12,0759119961,220,ebook
Cultural Anthropology by Serena Nanda         (2010-01-01),"Warms, Serena Nanda;Richard L.",,,2023-11-12,,0,Paperback
Sex Slaves: The Trafficking of Women in Asia,"Brown, Louise",,,2023-11-12,1860499031,288,Paperback
"A History of Siam: From the Earliest Times to the Year A.D. 1781, with a Supplement Dealing with More Recent Events","Wood, W.A.R.",,,2023-11-06,1931541108,300,Paperback
Top Eight: How MySpace Changed Music,"Tedder, Michael *",,,2023-11-05,1641606584,400,Hardcover
When Species Meet,"Haraway, Donna J.",,,2023-10-04,0816650462,423,Paperback
The Lifted Veil,"Eliot, George",4.0,2023-09-27,2023-09-27,0976658305,75,Paperback
Bless the Daughter Raised by a Voice in Her Head,"Shire, Warsan *",5.0,2023-09-26,2023-09-25,0593134354,86,Paperback
Novacene: The Coming Age of Hyperintelligence,"Lovelock, James E.",5.0,,2023-09-25,024139936X,160,Hardcover
Wild Grass on the Riverbank,"Itō, Hiromi",,,2023-09-24,0989804844,103,Paperback
"Scott Pilgrim, Volume 6: Scott Pilgrim's Finest Hour","O'Malley, Bryan Lee",4.0,2023-09-24,2023-09-24,1934964387,245,Paperback
Rythm Oil: A Journey Through The Music Of The American South,"Booth, Stanley",,,2023-09-23,0306809796,272,Paperback
Under a Hoodoo Moon: The Life of the Night Tripper,"Rebennack, Malcolm John ""Mac""",,,2023-09-23,0312131976,276,Paperback
Sweet Soul Music: Rhythm and Blues and the Southern Dream of Freedom,"Guralnick, Peter",,,2023-09-23,,384,Paperback
It Came From Memphis,"Gordon, Robert",,,2023-09-23,0743410459,336,Paperback
The Planet Remade: How Geoengineering Could Change the World,"Morton, Oliver *",,,2023-09-21,0691148252,440,Hardcover
"It Gets Me Home, This Curving Track","Penman, Ian",5.0,2023-12-24,2023-09-21,1910695874,182,Paperback
R.U.R.,"Čapek, Karel",,,2023-09-21,,58,Paperback
The Surrender Experiment: My Journey into Life's Perfection,"Singer, Michael A. *",,,2023-09-09,080414110X,252,Paperback
Strangers,"Yamada, Taichi",,,2023-09-07,1932234039,208,Paperback
"I, Robot         (Robot, #0.1)","Asimov, Isaac",,,2023-09-06,0553803700,224,Hardcover
Flowers for Algernon,"Keyes, Daniel",5.0,,2023-08-24,015603008X,311,Paperback
My Evil Mother,"Atwood, Margaret *",4.0,2023-08-24,2023-08-23,1662504497,32,Kindle Edition
The Path Is the Goal: A Basic Handbook of Buddhist Meditation,"Trungpa, Chögyam",4.0,2023-08-15,2023-08-15,0877739706,192,Paperback
"Eric         (Discworld, #9; Rincewind, #4)","Pratchett, Terry",4.0,2023-08-13,2023-08-12,0380821214,197,Mass Market Paperback
Taking Up Space: The Black Girl’s Manifesto for Change,"Kwakye, Chelsea",,,2023-08-10,1529118530,256,Hardcover
Cultural Studies 1983: A Theoretical History,"Hall, Stuart",,,2023-08-10,0822362635,232,Paperback
Safe: 20 Ways to be a Black Man in Britain Today,"Owusu, Derek",5.0,2023-08-11,2023-08-10,1409182657,240,Kindle Edition
Local Souls,"Gurganus, Allan",,,2023-08-07,087140379X,352,Hardcover
Oldest Living Confederate Widow Tells All,"Gurganus, Allan",,,2023-08-07,0375726632,736,Paperback
The Uncollected Stories of Allan Gurganus,"Gurganus, Allan",,,2023-08-07,0871403781,240,Hardcover
Superclasico: Inside The Ultimate Derby,"Richards, Joel",4.0,,2023-07-20,190943003X,53,Kindle Edition
The Debutante,"Ronson, Jon",3.0,2023-07-18,2023-07-18,,4,Audible Audio
Our Mutual Friend,"Dickens, Charles",3.0,,2023-07-17,0375761144,801,Paperback
Net Gains: Inside the Beautiful Game’s Analytics Revolution,"O'Hanlon, Ryan",5.0,2023-09-26,2023-07-12,1419758918,288,Hardcover
Soccer in Sun and Shadow,"Galeano, Eduardo",,,2023-07-12,1859844235,256,Paperback
Danish Dynamite: The Story of Football’s Greatest Cult Team,"Smyth, Rob",4.0,2023-06-18,2023-06-17,1408844842,256,Paperback
"Titus Groan         (Gormenghast, #1)","Peake, Mervyn",,,2023-06-13,0879514256,396,Paperback
The Invisible Man,"Wells, H.G.",3.0,2023-06-13,2023-06-12,0451528522,192,Mass Market Paperback
My Year of Rest and Relaxation,"Moshfegh, Ottessa",,,2023-06-06,0525522131,289,Paperback
Into Each Room We Enter without Knowing,"Shanahan, Charif *",4.0,2023-09-19,2023-06-01,0809335778,92,Paperback
Trace Evidence: Poems,"Shanahan, Charif *",,,2023-06-01,,112,Paperback
Pageboy,"Page, Elliot",4.0,2024-08-19,2023-06-01,,271,Unknown Binding
"Sourcery         (Discworld, #5; Rincewind, #3)","Pratchett, Terry",4.0,,2023-06-01,0061020672,276,Mass Market Paperback
City of Night,"Rechy, John",,,2023-05-29,0802130836,400,Paperback
Gore Vidal: History of The ional Security State,"Jay, Paul",,,2023-05-29,,145,Kindle Edition
The City and the Pillar,"Vidal, Gore",,,2023-05-29,1400030374,207,Paperback
"Inventing a ion: Washington, Adams, Jefferson","Vidal, Gore",,,2023-05-29,0300105924,208,softback
A Load of Hooey,"Odenkirk, Bob *",4.0,2023-05-28,2023-05-28,1938073886,143,Hardcover
Dr. Sun Yat-Sen : his life and achievements,"Yat-Sen, Sun",,,2023-05-23,,62,Kindle Edition
Moonwalk,"Jackson, Michael",,,2023-05-23,0385247125,283,Hardcover
Meditation in Action,"Trungpa, Chögyam",4.0,2023-05-18,2023-05-17,1570622027,96,Paperback
"Neverwhere         (London Below, #1)","Gaiman, Neil *",,,2023-05-17,0060557818,370,Paperback
Born in Tibet,"Trungpa, Chögyam",,,2023-05-17,1570627142,280,Paperback
The Last Thing to Burn,"Dean, Will",,,2023-05-16,1982156465,241,Hardcover
Alice Isn't Dead,"Fink, Joseph *",3.0,2023-05-26,2023-05-16,,323,Hardcover
Things Fell Apart,"Ronson, Jon",4.0,2023-05-16,2023-05-15,,3,Audible Audio
"Mort         (Discworld, #4; Death, #1)","Pratchett, Terry",4.0,2023-05-15,2023-05-15,0061020680,243,Mass Market Paperback
The Lurking Fear and Other Stories,"Lovecraft, H.P.",3.0,2023-05-11,2023-05-10,0345326040,182,Mass Market Paperback
The Abortion,"Brautigan, Richard",5.0,2023-05-10,2023-05-09,0224007793,226,Hardcover
The Tell-Tale Heart,"Poe, Edgar Allan",4.0,2023-05-05,2023-05-04,0871917726,31,Library Binding
Callus on My Soul,"Gregory, Dick",,,2023-04-27,1563525542,320,Hardcover
Defining Moments in Black History: Reading Between the Lies,"Gregory, Dick",,,2023-04-27,0062448722,257,Kindle Edition
Nigger,"Gregory, Dick",,,2023-04-27,0671735608,224,Mass Market Paperback
How Do You Live?,"Yoshino, Genzaburo",5.0,2023-08-13,2023-04-27,1616209771,288,Hardcover
Nothing Like I Imagined [Except For Sometimes],"Kaling, Mindy *",4.0,,2023-04-19,,118,Kindle Edition
"Guards! Guards!         (Discworld, #8; City Watch, #1)","Pratchett, Terry",4.0,2023-04-20,2023-04-19,0061020648,376,Mass Market Paperback
The Goldfinch,"Tartt, Donna",,,2023-04-14,0316055433,771,Hardcover
The Secret History,"Tartt, Donna",,,2023-04-14,1400031702,559,Paperback
Childhood’s End,"Clarke, Arthur C.",,,2023-03-27,,224,Mass Market Paperback
The Legend of Sleepy Hollow,"Irving, Washington",2.0,2023-03-22,2023-03-22,0809594080,108,Paperback
"Equal Rites         (Discworld, #3; Witches, #1)","Pratchett, Terry",5.0,2023-03-21,2023-03-21,0060855908,228,Paperback
The Prettiest Horse in the Glue Factory,"White, Corey",,,2023-03-16,0670079340,320,Paperback
The Lightning Tree,"Rothfuss, Patrick *",5.0,2023-03-17,2023-03-16,,93,Unknown Binding
A Clockwork Orange,"Burgess, Anthony",,,2023-03-16,0393341763,240,Paperback
Room,"Donoghue, Emma *",,,2023-03-16,,321,Kindle Edition
"The Slow Regard of Silent Things         (The Kingkiller Chronicle, #2.5)","Rothfuss, Patrick *",4.0,,2023-03-15,0756410436,159,Hardcover
"The Light Fantastic         (Discworld, #2; Rincewind, #2)","Pratchett, Terry",4.0,2023-03-13,2023-03-13,0061020702,277,Mass Market Paperback
"The Tombs of Atuan         (Earthsea Cycle, #2)","Le Guin, Ursula K.",4.0,2023-03-08,2023-02-28,0689845367,180,Mass Market Paperback
The Lottery,"Jackson, Shirley",5.0,2023-02-28,2023-02-28,1563127873,30,Paperback
"20,000 Leagues Under the Sea and other Classic Novels","Verne, Jules",4.0,2023-02-10,2023-02-10,1435141822,739,Hardcover
Black Klansman: A Memoir,"Stallworth, Ron",3.0,,2023-02-05,1250299047,191,Hardcover
How to Train Your Mind: Exploring the Productivity Benefits of Meditation,"Bailey, Chris *",5.0,2023-02-02,2023-02-01,,,Audiobook
Almond,Sohn Won-Pyung,3.0,2023-03-13,2023-01-22,0062961373,272,Hardcover
The Things You Can See Only When You Slow Down: How to Be Calm in a Busy World,"Sunim, Haemin",,,2023-01-22,0143130773,288,Hardcover
I Want to Die But I Want to Eat Tteokpokki,"Baek, Se-hee",,,2023-01-22,6237351035,232,Paperback
Love in the Big City,"Park, Sang Young",,,2023-01-22,0802158781,240,Hardcover
"A Wizard of Earthsea         (Earthsea Cycle, #1)","Le Guin, Ursula K.",4.0,2023-01-15,2023-01-15,,183,Paperback
The Secret History of Christmas,"Bryson, Bill",4.0,2022-12-30,2022-12-29,,4,Audible Audio
White Noise,"DeLillo, Don",,,2022-12-19,0143129554,320,Paperback
Latin America Diaries: The Sequel to the Motorcycle Diaries,"Guevara, Ernesto Che",3.0,2022-12-31,2022-12-14,0980429277,180,Paperback
Wuthering Heights,"Brontë, Emily",4.0,2023-03-16,2022-12-14,,464,Paperback
"Rabbit, Run         (Rabbit Angstrom, #1)","Updike, John",,,2022-12-13,,337,Kindle Edition
Franny and Zooey,"Salinger, J.D.",,,2022-12-13,0316769029,201,Paperback
The Catcher in the Rye,"Salinger, J.D.",,,2022-12-13,0316769177,277,Paperback
A Swim in a Pond in the Rain,"Saunders, George",,,2022-12-13,1984856049,403,Kindle Edition
Tenth of December,"Saunders, George",,,2022-12-13,0812993802,251,Hardcover
Algorithms,"Clark, Sadie",3.0,2022-12-13,2022-12-11,,3,Audible Audio
"The Wise Man's Fear         (The Kingkiller Chronicle, #2)","Rothfuss, Patrick *",5.0,2022-12-07,2022-12-07,0756404738,994,Hardcover
"Tomorrow, and Tomorrow, and Tomorrow","Zevin, Gabrielle *",,,2022-11-21,0735243344,416,Hardcover
A Heart That Works,"Delaney, Rob *",5.0,2022-11-18,2022-11-18,1954118317,196,Hardcover
Alcoholics Anonymous: The Big Book,Alcoholics Anonymous,,,2022-11-14,,554,Kindle Edition
The Princess Bride,"Goldman, William",,,2022-11-14,0345418263,429,Paperback
I'm Glad My Mom Died,"McCurdy, Jennette",4.0,2022-11-13,2022-11-12,,320,ebook
Eat a Peach,"Chang, David *",,,2022-11-10,152475921X,290,Hardcover
Mother. Wife. Sister. Human. Warrior. Falcon. Yardstick. Turban. Cabbage.,"Delaney, Rob *",,,2022-11-09,081299308X,208,Hardcover
"The Name of the Wind         (The Kingkiller Chronicle, #1)","Rothfuss, Patrick *",5.0,2022-11-11,2022-11-08,075640407X,662,Hardcover
The Curious Case of Benjamin Button,"Fitzgerald, F. Scott",1.0,2022-10-12,2022-10-31,1416556052,56,Paperback
Fled Is That Music: 20 Sonnets,"Choi, Tom",3.0,2022-10-31,2022-10-31,,27,Kindle Edition
First Love,"Turgenev, Ivan",4.0,2022-10-14,2022-10-11,0974607894,124,Paperback
The Topeka School,"Lerner, Ben",,,2022-10-07,0374277788,282,Hardcover
"The Cabinet of Curiosities         (Pendergast, #3; Nora Kelly, #0B)","Preston, Douglas *",,,2022-10-01,0446611239,629,Paperback
Visual And Other Pleasures,"Mulvey, Laura",,,2022-09-23,0333445295,231,Paperback
Film Theory and Criticism: Introductory Readings,"Mast, Gerald",,,2022-09-23,0195063988,797,Paperback
Expected Goals: The Story of How Data Conquered Football and Changed the Game Forever,"Smith, Rory",5.0,2022-09-22,2022-09-15,0008484058,299,Kindle Edition
Atomic Habits: An Easy & Proven Way to Build Good Habits & Break Bad Ones,"Clear, James *",5.0,,2022-09-15,,319,Kindle Edition
Get a Fucking Grip,"Kimberley, Mathew",2.0,2022-09-02,2022-09-02,,,Unknown Binding
James Acaster's Guide to Quitting Social Media,"Acaster, James",3.0,2022-09-09,2022-08-22,1472288564,304,Hardcover
The Death of Ivan Ilych,"Tolstoy, Leo",3.0,2022-08-26,2022-08-22,,86,Paperback
Crying in H Mart,"Zauner, Michelle",5.0,2022-10-03,2022-08-22,0525657746,256,Hardcover
The House of Life: A Magical Adventure That Started With A Girl Who Walked Into Her Death...,"Chow, Vann *",,,2022-08-22,,,Unknown Binding
The Control of ure,"McPhee, John",,,2022-07-31,0374522596,288,Paperback
1984,"Orwell, George",5.0,2024-06-10,2022-06-06,,298,ebook
Conversations with People Who Hate Me: 12 Things I Learned from Talking to Internet Strangers,"Marron, Dylan *",,,2022-06-06,1982129271,272,Hardcover
Time Is a Mother,"Vuong, Ocean",5.0,2022-10-14,2022-06-06,0593300238,114,Hardcover
The Picture of Dorian Gray,"Wilde, Oscar",,,2022-06-01,,272,Paperback
The Little Prince,"Saint-Exupéry, Antoine de",,,2022-05-31,0152023984,96,Hardcover
Lord of the Flies,"Golding, William",,,2022-05-30,0140283331,182,Paperback
Of Mice and Men,"Steinbeck, John",,,2022-05-30,0142000671,107,Paperback
Dr. Jekyll and Mr. Hyde,"Stevenson, Robert Louis",5.0,2022-06-07,2022-05-30,0451528956,139,Mass Market Paperback
Brave New World,"Huxley, Aldous",,,2022-05-30,0060929871,288,Paperback
The Old Man and the Sea,"Hemingway, Ernest",,,2022-05-30,0684830493,96,Hardcover
My Dyslexia,"Schultz, Philip",3.0,,2022-05-30,0393079643,128,Hardcover
At the Mountains of Madness and Other Tales of Terror,"Lovecraft, H.P.",,,2022-05-25,0345329457,184,Mass Market Paperback
The Shadow over Innsmouth,"Lovecraft, H.P.",,,2022-05-25,1450562795,158,Paperback
The Case of Charles Dexter Ward,"Lovecraft, H.P.",,,2022-05-25,0345354907,128,Mass Market Paperback
At the Mountains of Madness,"Lovecraft, H.P.",4.0,2022-06-28,2022-05-25,0812974417,194,Paperback
The Call of Cthulhu,"Lovecraft, H.P.",,,2022-05-25,,43,Kindle Edition
The Minority Report,"Dick, Philip K.",,,2022-05-25,0375421874,112,Hardcover
VALIS,"Dick, Philip K.",4.0,2025-02-21,2022-05-25,0575098368,244,Kindle Edition
The Three Stigmata of Palmer Eldritch,"Dick, Philip K.",,,2022-05-25,1407247425,231,Paperback
"Flow My Tears, the Policeman Said","Dick, Philip K.",,,2022-05-25,1857983416,204,Paperback
A Scanner Darkly,"Dick, Philip K.",,,2022-05-25,057507681X,324,Paperback
Do Androids Dream of Electric Sheep?,"Dick, Philip K.",,,2022-05-25,,258,ebook
Fine Frights: Stories That Scared Me,"Campbell, Ramsey",,,2022-05-25,0812516702,309,Paperback
255 Sci-Fi Classic Short Stories From the Greatest Writers Ever: with Bonus 15 Modern Ghost Stories,Anonymous,,,2022-05-25,,,Nook
Think Your Way to Success: How to Develop a Winning Mindset and Achieve Amazing Results,"Rhodes, Mark",3.0,2022-05-24,2022-05-24,0857083309,192,ebook
The Best of Richard Matheson,"Matheson, Richard",,,2022-05-04,014313017X,407,Paperback
The Best of Fritz Leiber,"Leiber, Fritz",,,2022-05-04,0848821270,168,Hardcover
"Psycho         (Psycho, #1)","Bloch, Robert",,,2022-05-04,0747545251,208,Paperback
Necronomicon: The Best Weird Tales,"Lovecraft, H.P.",,,2022-05-04,0575081562,878,Hardcover
The Kreutzer Soa,"Tolstoy, Leo",5.0,,2022-04-05,0812968239,129,Paperback
Neon Vernacular: New and Selected Poems,"Komunyakaa, Yusef",3.0,2022-04-05,2022-04-05,0819512117,188,Paperback
Meditations,Marcus Aurelius,3.0,2022-03-28,2022-03-28,0140449337,254,Paperback
How to Think Like a Roman Emperor: The Stoic Philosophy of Marcus Aurelius,"Robertson, Donald J. *",3.0,,2022-03-28,,304,Hardcover
James Acaster's Classic Scrapes,"Acaster, James",4.0,2022-03-23,2022-03-23,1472247183,320,Hardcover
Araby,"Joyce, James",4.0,2022-03-15,2022-03-15,,25,Kindle Edition
Each Journey Begins With a Single Step: The Taoist Book of Life,"Deng, Ming-Dao",4.0,2022-03-15,2022-03-14,1571748385,208,Paperback
Man's Search for Meaning,"Frankl, Viktor E.",5.0,2022-03-23,2022-03-08,080701429X,165,Paperback
"Harry Potter and the Deathly Hallows         (Harry Potter, #7)","Rowling, J.K.",5.0,2022-03-23,2022-03-07,,759,Hardcover
"Harry Potter and the Half-Blood Prince         (Harry Potter, #6)","Rowling, J.K.",5.0,2022-03-07,2022-03-07,,652,Paperback
"A Study in Scarlet         (Sherlock Holmes, #1)","Doyle, Arthur Conan",5.0,2022-03-06,2022-03-06,,150,Kindle Edition
The Queen: Aretha Franklin,"Gilmore, Mikal",3.0,,2022-02-22,,4,Audible Audio
"Harry Potter and the Order of the Phoenix         (Harry Potter, #5)","Rowling, J.K.",4.0,2022-02-21,2022-02-21,0439686520,870,Paperback
Toast on Toast: Cautionary Tales and Candid Advice,"Toast, Steven",4.0,,2022-02-16,1782117490,304,Hardcover
Homage to Catalonia,"Orwell, George",,,2022-02-13,0156421178,232,Paperback
Burmese Days,"Orwell, George",,,2022-02-13,1421808307,276,Hardcover
"Beautiful World, Where Are You","Rooney, Sally *",4.0,2022-02-14,2022-02-13,0374602603,356,Hardcover
Anna Karenina,"Tolstoy, Leo",,,2022-02-13,0345803922,964,Paperback
Three Tales of Avarice,"Doyle, Arthur Conan",4.0,2022-02-13,2022-02-12,1602837155,3,Audio CD
A Grief Observed,"Lewis, C.S.",5.0,,2022-02-09,,76,Paperback
Animal Farm,"Orwell, George",4.0,2022-02-02,2022-02-01,0451526341,141,Mass Market Paperback
"James Baldwin, An Original","Steinem, Gloria",5.0,2022-02-02,2022-02-01,,15,Kindle Edition
Revolution from Within: A Book of Self-Esteem,"Steinem, Gloria",,,2022-02-01,0316812471,431,Paperback
"The Truth Will Set You Free, But First It Will Piss You Off!: Thoughts on Life, Love, and Rebellion","Steinem, Gloria",,,2022-02-01,0593132688,192,Hardcover
Outrageous Acts and Everyday Rebellions,"Steinem, Gloria",,,2022-02-01,0805042024,432,Paperback
My Life on the Road,"Steinem, Gloria",,,2022-02-01,0679456201,276,Hardcover
The Idiot,"Dostoevsky, Fyodor",,,2022-02-01,0679642420,667,Paperback
The Brothers Karamazov,"Dostoevsky, Fyodor",,,2022-02-01,0374528373,796,Paperback
Class Struggle in Africa,"Nkrumah, Kwame",,,2022-02-01,0901787124,100,Paperback
Consciencism: Philosophy and Ideology for De-Colonization and Development with Particular Reference to the African Development,"Nkrumah, Kwame",,,2022-02-01,0853451362,126,Paperback
Neo-Colonialism: The Last Stage of Imperialism,"Nkrumah, Kwame",,,2022-02-01,090178723X,280,Paperback
Ghana: The Autobiography of Kwame Nkrumah,"Nkrumah, Kwame",,,2022-02-01,0717802949,256,Hardcover
Trotsky: A Biography,"Service, Robert",,,2022-02-01,0674036158,648,Hardcover
History of the Russian Revolution,"Trotsky, Leon",,,2022-02-01,1931859450,,Paperback
"The Prophet Armed: Trotsky, 1879-1921","Deutscher, Isaac",,,2022-02-01,1859844413,497,Paperback
Malcom and Me,"Reed, Ishmael",3.0,,2022-02-01,,98,Audible Audio
A Streetcar Named Desire,"Williams, Tennessee",5.0,2022-01-27,2022-01-26,,320,Paperback
Edgar Allen Poe's The Tell-Tale Heart: A Graphic Novellete Adaptation,"Pierce, Todd O",,,2022-01-26,0368695247,26,Paperback
What We Talk About When We Talk About Love,"Carver, Raymond",,,2022-01-25,0679723056,159,Paperback
The Collected Schizophrenias: Essays,"Wang, Esmé Weijun",,,2022-01-25,1555978274,224,Paperback
The Promise of Happiness,"Ahmed, Sara *",,,2022-01-25,0822347253,328,Paperback
"Harry Potter and the Goblet of Fire         (Harry Potter, #4)","Rowling, J.K.",,2022-02-10,2022-01-25,0439139597,734,Paperback
What I Talk About When I Talk About Running,"Murakami, Haruki",3.0,2022-01-26,2022-01-24,,188,Hardcover
"Harry Potter and the Prisoner of Azkaban         (Harry Potter, #3)","Rowling, J.K.",4.0,2022-01-25,2022-01-24,043965548X,547,Mass Market Paperback
Liminal Thinking,"Gray, Dave *",2.0,2022-01-25,2022-01-24,,224,Paperback
Pragmatism: A New Name for Some Old Ways of Thinking,"James, William",,,2022-01-18,0486282708,116,Paperback
Fear and Trembling,"Kierkegaard, Søren",,,2022-01-18,0143037579,152,Paperback
Ludwig Wittgenstein: A Memoir,"Malcolm, Norman",,,2022-01-18,0199247595,144,Paperback
On Certainty,"Wittgenstein, Ludwig",,,2022-01-18,0061316865,194,Paperback
Philosophical Investigations,"Wittgenstein, Ludwig",,,2022-01-18,0631231277,246,Hardcover
Ludwig Wittgenstein: The Duty of Genius,"Monk, Ray",,,2022-01-18,0140159959,704,Paperback
Tractatus Logico-Philosophicus,"Wittgenstein, Ludwig",,,2022-01-18,0415254086,142,Paperback
"Draw: A visual approach to thinking, learning, and communicating","Hanks, Kurt",,,2022-01-17,0913232459,242,Paperback
Rapid Viz : A New Method for the Rapid Visualization of Ideas,"Hanks, Kurt",,,2022-01-17,1560520558,160,Misc. Supplies
"Harry Potter and the Chamber of Secrets         (Harry Potter, #2)","Rowling, J.K.",4.0,2022-01-17,2022-01-17,,352,Hardcover
"Harry Potter and the Sorcerer's Stone         (Harry Potter, #1)","Rowling, J.K.",4.0,2022-01-12,2022-01-12,0439554934,309,Hardcover
Stranger in a Strange Land,"Heinlein, Robert A.",,,2022-01-11,,525,Paperback
Peace Is Every Step: The Path of Mindfulness in Everyday Life,Thich Nhat Hanh,4.0,2022-01-11,2022-01-11,0553351397,134,Paperback
Breakfast of Champions,"Vonnegut Jr., Kurt",4.0,,2022-01-11,0385334206,303,Paperback
The Wisdom of Life,"Schopenhauer, Arthur",,,2022-01-07,0486435504,77,Paperback
The Art of Always Being Right,"Schopenhauer, Arthur",,,2022-01-07,1903933617,138,Hardcover
Funeral Rites,"Genet, Jean",,,2022-01-06,0802130879,256,Paperback
The Maids and Deathwatch,"Genet, Jean",,,2022-01-06,080215056X,168,Paperback
The Thief's Journal,"Genet, Jean",,,2022-01-06,0802130143,268,Paperback
Our Lady of the Flowers,"Genet, Jean",,,2022-01-06,1596541369,216,Paperback
Faithful and Virtuous Night,"Glück, Louise",3.0,,2021-12-31,0374152012,71,Hardcover
Play It As It Lays,"Didion, Joan",,,2021-12-31,0374529949,231,Paperback
Slouching Towards Bethlehem,"Didion, Joan",,,2021-12-31,,238,Paperback
The Year of Magical Thinking,"Didion, Joan",5.0,,2021-12-31,1400078431,227,Paperback
The Analects,Confucius,5.0,,2021-12-30,0140443487,249,Paperback
The 48 Laws of Power,"Greene, Robert *",,,2021-12-23,0140280197,452,Paperback
Them: Adventures with Extremists,"Ronson, Jon",4.0,2022-02-25,2021-12-13,0743233212,336,Paperback
The Psychopath Test: A Journey Through the Madness Industry,"Ronson, Jon",5.0,,2021-12-13,1594485755,275,Paperback
Lost At Sea: The Jon Ronson Mysteries,"Ronson, Jon",,,2021-12-13,1594631379,400,Hardcover
The Butterfly Effect,"Ronson, Jon",5.0,2021-12-13,2021-12-13,,3,Audible Audio
The Remains of the Day,"Ishiguro, Kazuo *",,,2021-12-12,,258,Paperback
Never Let Me Go,"Ishiguro, Kazuo *",,,2021-12-12,1400078776,288,Paperback
The Last Days of August,"Ronson, Jon",4.0,,2021-12-10,,4,Audiobook
"If This Isn't Nice, What Is?: Advice for the Young","Vonnegut Jr., Kurt",5.0,,2021-12-05,1480537373,144,MP3 CD
American Pastoral,"Roth, Philip",,,2021-12-02,,432,Paperback
Robert Browning's Poetry,"Browning, Robert",,,2021-12-01,0393926001,704,Paperback
"The Compound Effect: Jumpstart Your Income, Your Life, Your Success","Hardy, Darren *",3.0,,2021-11-29,,162,Kindle Edition
Samurai William: The Englishman Who Opened Japan,"Milton, Giles",,,2021-11-21,0142003786,368,Paperback
One Hundred Years of Solitude,"García Márquez, Gabriel",,,2021-11-11,,417,Mass Market Paperback
No Shame,"Allen, Tom",4.0,,2021-11-05,1529348900,304,Hardcover
Representation: Cultural Representations and Signifying Practices,"Hall, Stuart",,,2021-10-27,0761954325,400,Paperback
"Policing the Crisis: Mugging, the State, and Law and Order","Hall, Stuart",,,2021-10-27,0333220617,454,Paperback
Familiar Stranger: A Life Between Two Islands,"Hall, Stuart",,,2021-10-27,0822363879,320,Hardcover
A Identidade Cultural na Pós-Modernidade,"Hall, Stuart",,,2021-10-27,8574900524,102,Paperback
William Tindale A Biography,"Demaus, Robert",,,2021-10-26,,0,Nook
The life of William Tindale,"Waterman, T.J.",,,2021-10-26,,16,Paperback
Common Sense,"Paine, Thomas",,,2021-10-26,0143036254,104,Paperback
A History of Western Philosophy,"Russell, Bertrand",,,2021-10-26,0671201581,906,Paperback
The Basic Writings of Bertrand Russell,"Russell, Bertrand",,,2021-10-26,041508301X,744,Paperback
Autobiography,"Russell, Bertrand",,,2021-10-26,041522862X,749,Paperback
Expulsion of the Triumphant Beast,"Bruno, Giordano",,,2021-10-26,0803261047,324,Paperback
De Umbris Idearum: On the Shadows of Ideas         (Collected Works of Giordano Bruno),"Bruno, Giordano",,,2021-10-26,1492329967,232,Paperback
"Cause, Principle and Unity: And Essays on Magic","Bruno, Giordano",,,2021-10-26,0521596580,224,Paperback
Dreams of Africa in Alabama: The Slave Ship Clotilda and the Story of the Last Africans Brought to America,"Diouf, Sylviane A.",,,2021-10-26,0195311043,352,Hardcover
Catch a Fire: The Life of Bob Marley,"White, Timothy",,,2021-10-26,0805080864,576,Paperback
Bob Marley - Legend,"Marley, Bob",,,2021-10-26,0793537002,96,Paperback
Muhammad Ali: His Life and Times,"Hauser, Thomas",,,2021-10-26,0671779710,544,Paperback
Beyond a Boundary,"James, C.L.R.",,,2021-10-26,022407427X,355,Paperback
The Black Jacobins: Toussaint L'Ouverture and the San Domingo Revolution,"James, C.L.R.",,,2021-10-26,0679724672,428,Paperback
Rasta and Resistance: From Marcus Garvey to Walter Rodney,"Campbell, Horace",,,2021-10-26,0865430357,250,Paperback
How Europe Underdeveloped Africa,"Rodney, Walter",,,2021-10-26,0882580965,312,Paperback
Steppenwolf,"Hesse, Hermann",,,2021-10-25,0140282580,256,Paperback
Siddhartha,"Hesse, Hermann",,,2021-10-25,,152,Mass Market Paperback
The Element: How Finding Your Passion Changes Everything,"Robinson, Ken",,,2021-10-25,0670020478,288,Hardcover
The Great Gatsby,"Fitzgerald, F. Scott",5.0,,2021-10-04,0743273567,180,Paperback
The Second Sex,"Beauvoir, Simone de",,,2021-10-01,0679724516,746,Paperback
"Arsène Lupin versus Herlock Sholmes         (Arsène Lupin, #2)","Leblanc, Maurice",,,2021-09-29,1587154641,282,Paperback
"Arsène Lupin, Gentleman-Thief","Leblanc, Maurice",,,2021-09-29,,279,Paperback
Come as You Are: The Surprising New Science that Will Transform Your Sex Life,"Nagoski, Emily *",,,2021-09-25,1476762090,400,Paperback
The Essential Neruda: Selected Poems,"Neruda, Pablo",,,2021-09-25,0872864286,200,Paperback
Pablo Neruda: Absence and Presence,"Neruda, Pablo",,,2021-09-25,0393306437,192,Paperback
The Poetry of Pablo Neruda,"Neruda, Pablo",,,2021-09-25,0374529604,,Paperback
Teambuilding: The road to success,"Michels, Rinus",,,2021-09-23,1890946737,218,Paperback
Shadow and Act,"Ellison, Ralph",,,2021-09-22,0679760008,352,Paperback
Flying Home and Other Stories,"Ellison, Ralph",,,2021-09-22,0679776613,228,Paperback
Invisible Man,"Ellison, Ralph",,,2021-09-22,,581,Paperback
The Call of the Wild,"London, Jack",4.0,,2021-09-20,,172,Mass Market Paperback
3 a.m.         (Henry Bins #1),"Pirog, Nick *",3.0,,2021-09-06,,129,Kindle Edition
Rules for Revolutionaries: How Big Organizing Can Change Everything,"Bond, Becky",,,2021-09-05,1603587276,200,Paperback
Land: A New Paradigm for a Thriving World,"Adams, Martin *",,,2021-09-03,1583949208,208,Paperback
Postcapitalism: A Guide to Our Future,"Mason, Paul",,,2021-09-03,1846147387,368,Hardcover
Why We Can't Afford the Rich,"Sayer, Andrew",,,2021-09-01,1447320794,448,Hardcover
Don't Even Think About It: Why Our Brains Are Wired to Ignore Climate Change,"Marshall, George *",,,2021-08-31,1620401339,272,Hardcover
White Ghost Girls,"Greenway, Alice",,,2021-08-30,0802170188,168,Paperback
The Piano Teacher,"Lee, Janice Y.K.",,,2021-08-30,0670020486,328,Hardcover
Fragrant Harbour,"Lanchester, John",,,2021-08-30,057121469X,299,Paperback
The Monkey King,"Mo, Timothy",,,2021-08-30,0952419378,256,Paperback
Gweilo: Memories of a Hong Kong Childhood,"Booth, Martin",5.0,2024-07-15,2021-08-30,0553816721,269,Paperback
The World of Suzie Wong,"Mason, Richard",,,2021-08-30,,288,Paperback
"Tai-Pan         (Asian Saga, #2)","Clavell, James",,,2021-08-30,,732,Mass Market Paperback
"Three Complete Novels: Tinker, Tailor, Soldier, Spy / The Honourable Schoolboy / Smiley's People","le Carré, John",,,2021-08-30,0517146975,952,Hardcover
The Honourable Schoolboy by John le Carre Summary Study Guide,BookRags,,,2021-08-30,,49,Nook
Up Pohnpei: A Quest to Reclaim the Soul of Football by Leading the World's Ultimate Underdogs to Glory,"Watson, Paul",4.0,,2021-08-26,,260,Paperback
The Prince of Tides,"Conroy, Pat",,,2021-08-21,0553381547,679,Paperback
Out of the Wreckage: A New Politics in the Age of Crisis,"Monbiot, George",5.0,,2021-08-21,1786632888,220,Hardcover
"How Did We Get into This Mess?: Politics, Equality, ure","Monbiot, George",,,2021-08-21,1784783625,352,Hardcover
"Feral: Rewilding the Land, the Sea and Human Life","Monbiot, George",3.0,2022-05-16,2021-08-21,0670067172,256,Hardcover
Renewable: The World-Changing Power of Alterive Energy,"Shere, Jeremy",,,2021-08-21,1250038227,269,Kindle Edition
Reinventing Fire: Bold Business Solutions for the New Energy Era,"Lovins, Amory B.",,,2021-08-21,1603583718,352,Hardcover
The Great Transition: Shifting from Fossil Fuels to Solar and Wind Energy,"Brown, Lester R.",,,2021-08-21,039335055X,194,Paperback
The Art of War,Sun Tzu,4.0,,2021-08-21,,170,Paperback
So You've Been Publicly Shamed,"Ronson, Jon",4.0,,2021-08-20,1594487138,290,Hardcover
Outcasts! The Lands That FIFA Forgot,"Menary, Steve *",,,2021-08-18,1905449313,224,Hardcover
"A Literate Passion: Letters of Anaïs Nin & Henry Miller, 1932-1953","Nin, Anaïs",,,2021-08-16,015652791X,448,Paperback
"Sexus         (The Rosy Crucifixion, #1)","Miller, Henry",,,2021-08-11,0802151809,506,Paperback
Mad or Bad?,"Bavidge, Michael",4.0,,2021-08-09,1853990175,138,Paperback
Gravity’s Rainbow,"Pynchon, Thomas",,,2021-06-10,0143039946,776,Paperback
Capitalist Realism: Is There No Alterive?,"Fisher, Mark",,,2021-06-10,1846943175,81,Paperback
Metaphysics,Aristotle,,,2021-06-05,1888009039,365,Paperback
The Nicomachean Ethics,Aristotle,,,2021-06-05,0140449493,329,Paperback
Nigger,"Siffre, Labi",,,2021-04-11,0952094207,100,Paperback
"Foundation         (Foundation, #1)","Asimov, Isaac",4.0,,2021-04-10,0553803719,244,Hardcover
Kololo Hill,"Shah, Neema *",,,2021-03-18,1529030501,304,Hardcover
Goodbye to Berlin,"Isherwood, Christopher",,,2021-03-18,0586047956,208,Mass Market Paperback
Invisible Women: Data Bias in a World Designed for Men,"Criado Pérez, Caroline",,,2021-03-18,1419729071,448,Hardcover
One of Them,"Okwonga, Musa",5.0,,2021-02-21,1783529687,164,Kindle Edition
Eating Roses for Dinner,"Okwonga, Musa",,,2021-02-21,,136,Paperback
"In the End, It Was All About Love","Okwonga, Musa",5.0,,2021-02-21,,133,Paperback
Unural Causes: The Life and Many Deaths of Britain's Top Forensic Pathologist,"Shepherd, Richard",,,2021-02-19,0718182715,400,Hardcover
"The Snowman         (Harry Hole, #7)","Nesbø, Jo *",,,2021-02-19,0307595862,383,Mass Market Paperback
Children of Dune         (Dune #3),"Herbert, Frank",4.0,,2021-02-17,0593098242,609,Paperback
Dune Messiah         (Dune #2),"Herbert, Frank",3.0,,2021-02-08,0593098234,336,Mass Market Paperback
Dune         (Dune #1),"Herbert, Frank",3.0,,2021-02-08,059309932X,658,Hardcover
"Transbluesency: Selected Poems, 1961-1995","Baraka, Imamu Amiri",,,2021-02-07,1568860145,271,Paperback
Black Music,"Baraka, Amiri",,,2021-01-26,0306808145,224,Paperback
The LeRoi Jones/Amiri Baraka Reader,"Baraka, Amiri",,,2021-01-26,1560252383,624,Paperback
Blues People: Negro Music in White America,"Baraka, Amiri",,,2021-01-26,068818474X,256,Paperback
The Face of Change: The Face of Change ( Bobi Wine ) Robert Kyagulanyi Ssentamu,"Benefits, Shammah",,,2021-01-15,,20,Kindle Edition
Wings of Change: How the World’s Biggest Energy Drink Manufacturer Made a Mark in Football,"Tejwani, Karan",4.0,,2021-01-14,1785317296,224,Paperback
"The Sea, the Sea","Murdoch, Iris",,,2020-11-27,014118616X,528,Paperback
Around the World in Eighty Days,"Verne, Jules",,,2020-11-23,014044906X,252,Paperback
The Hunger Angel,"Müller, Herta",,,2020-10-25,080509301X,290,Hardcover
The Land of Green Plums,"Müller, Herta",,,2020-10-25,1862072604,256,Paperback
The Actual,"Ellams, Inua *",5.0,,2020-10-13,1908058781,84,Paperback
No Exit,"Sartre, Jean-Paul",,,2020-10-11,0573613052,60,Paperback
Nausea,"Sartre, Jean-Paul",4.0,2022-08-22,2020-10-11,0811201880,178,Hardcover
Winnie Mandela: A Life,"Bezdrob, Anné Mariè du Preez",,,2020-10-03,1868729265,320,Paperback
Moral Man and Immoral Society: Study in Ethics and Politics,"Niebuhr, Reinhold",,,2020-09-30,0664224741,284,Paperback
Lectures on the History of Political Philosophy,Rawls,,,2020-09-30,067403063X,496,Paperback
Death in the Dark Walk         (John Rawlings #1),"Lake, Deryn *",,,2020-09-30,,216,Kindle Edition
A Theory of Justice,"Rawls, John",,,2020-09-30,0674017722,824,Paperback
Mythologies,"Barthes, Roland",,,2020-09-30,0374521506,160,Paperback
Camera Lucida: Reflections on Photography,"Barthes, Roland",,,2020-09-30,0374521344,119,Paperback
Roland Barthes,"Barthes, Roland",,,2020-09-30,0520087836,186,Paperback
Discovering Home,"Wainaina, Binyavanga",,,2020-09-30,0977372243,225,Paperback
How to Write About Africa,"Wainaina, Binyavanga",,,2020-09-30,996670082X,49,Paperback
The Second Coming,"Berardi, Franco ""Bifo""",,,2020-09-27,1509534849,160,Paperback
The Seventh Octave: The Early Writings of Saul Williams,"Williams, Saul",,,2020-09-24,0965830810,56,Paperback
The Dead Emcee Scrolls: The Lost Teachings of Hip-Hop,"Williams, Saul",,,2020-09-24,1416516328,208,Paperback
She,"Williams, Saul",,,2020-09-24,0671039776,128,Paperback
", said the shotgun to the head.","Williams, Saul",,,2020-09-24,0743470796,192,Paperback
The Shadow King,"Mengiste, Maaza",,,2020-09-23,039308356X,448,Hardcover
Twenty Love Poems and a Song of Despair,"Neruda, Pablo",,,2020-09-23,0143039962,60,Paperback
My Name Is Why,"Sissay, Lemn",,,2020-09-23,,200,Hardcover
Zong!,"Philip, M. NourbeSe",,,2020-09-23,0819568767,224,Hardcover
The Half-God of Rainfall,"Ellams, Inua *",,,2020-09-23,0008324778,96,Hardcover
Martin and Malcolm and America: A Dream or a Nightmare?,"Cone, James H.",,,2020-09-23,0883448246,358,Paperback
Inverting the Pyramid: The History of Football Tactics,"Wilson, Johan",4.0,,2020-09-23,0752889958,374,Hardcover
Zonal Marking: The Making of Modern European Football,"Cox, Michael",,,2020-09-23,0008291152,433,Kindle Edition
Dracula,"Stoker, Bram",5.0,2023-02-27,2020-09-23,0393970124,488,Paperback
Visions from the Upside Down: Stranger Things Artbook,"Sienkiewicz, Bill",,,2020-09-23,198482113X,238,Kindle Edition
"Love in Colour: Mythical Tales from Around the World, Retold","Babalola, Bolu",,,2020-09-23,1472268865,304,Hardcover
"Africa's Child         (Dancing Soul Trilogy, #1)","Nhambu, Maria *",,,2020-09-23,,356,Kindle Edition
The Night Tiger,"Choo, Yangsze *",,,2020-09-23,1250175453,384,Hardcover
"My Sister, the Serial Killer","Braithwaite, Oyinkan *",,,2020-09-23,0385544235,226,Hardcover
"Find Me         (Call Me By Your Name, #2)","Aciman, André *",,,2020-09-23,0374155011,260,Hardcover
A Woman Is No Man,"Rum, Etaf *",,,2020-09-23,0062699768,339,Hardcover
Where the Forest Meets the Stars,"Vanderah, Glendy",,,2020-09-23,154204006X,332,Hardcover
Intimations,"Smith, Zadie",,,2020-09-23,059329761X,97,Paperback
No,"Vuong, Ocean",,,2020-09-23,1936919222,40,Paperback
Burnings,"Vuong, Ocean",,,2020-09-23,0578070596,40,Paperback
The Mysterious Stranger,"Twain, Mark",,,2020-09-23,0520242068,212,Paperback
The Myth of Sisyphus and Other Essays,"Camus, Albert",3.0,,2020-09-21,,212,Paperback
Brief Interviews with Hideous Men,"Wallace, David Foster",5.0,,2020-09-21,034911188X,273,Paperback
The Castle,"Kafka, Franz",,,2020-09-21,0805211063,328,Paperback
The Trial,"Kafka, Franz",,,2020-09-21,,255,Paperback
The Metamorphosis,"Kafka, Franz",5.0,,2020-09-21,0553213695,201,Mass Market Paperback
Mother Night,"Vonnegut Jr., Kurt",4.0,,2020-09-21,0385334141,282,Paperback
Welcome to the Monkey House,"Vonnegut Jr., Kurt",,,2020-09-21,0385333501,331,Paperback
A Man Without a Country,"Vonnegut Jr., Kurt",5.0,,2020-09-21,081297736X,145,Paperback
Player Piano,"Vonnegut Jr., Kurt",,,2020-09-21,0385333781,341,Paperback
The Sirens of Titan,"Vonnegut Jr., Kurt",,,2020-09-21,,224,Paperback
Cat’s Cradle,"Vonnegut Jr., Kurt",4.0,2024-11-06,2020-09-21,,306,Paperback
The Odyssey,Homer,,,2020-09-21,0143039954,541,Paperback
Crime and Punishment,"Dostoevsky, Fyodor",,,2020-09-21,,671,Paperback
The Charge of the Light Brigade,"Tennyson, Alfred",,,2020-09-21,0307665003,25,Library Binding
The Iliad,Homer,,,2020-09-21,1926814886,48,Comic
The Red Badge of Courage,"Crane, Stephen",,,2020-09-21,1580495869,149,Paperback
"The Adventures of Huckleberry Finn         (Adventures of Tom and Huck, #2)","Twain, Mark",,,2020-09-21,0142437174,327,Paperback
Democracy in America,"Tocqueville, Alexis de",,,2020-09-21,0140447601,983,Paperback
An Occurrence at Owl Creek Bridge,"Sergel, Christopher",,,2020-09-21,0871293439,16,Paperback
Night Sky with Exit Wounds,"Vuong, Ocean",4.0,,2020-09-08,,89,Paperback
The City in Which I Love You,"Lee, Li-Young",,,2020-09-08,0918526833,89,Paperback
Hai chiếc xe khóa chặt vào nhau,"Ngân, Nguyễn Thiên",,,2020-09-08,,,Paperback
"Life, Poetry, and Prison--Cuoc Song, Thi Van, va Tu Day; Nguyen Chi Thien's poetry in bilingual text","Thiện, Nguyễn Chí",,,2020-09-08,0977363848,35,Pamphlet
Flowers from Hell: Hoa Điạ Ngục,"Thiện, Nguyễn Chí",,,2020-09-08,,136,Paperback
On Earth We're Briefly Gorgeous,"Vuong, Ocean",4.0,,2020-09-04,0525562028,246,Hardcover
Part of My Soul Went with Him,"Mandela, Winnie",,,2020-09-01,0393302903,176,Paperback
High Fidelity,"Hornby, Nick",,,2020-08-28,1573225517,323,Paperback
"Daring Greatly: How the Courage to Be Vulnerable Transforms the Way We Live, Love, Parent, and Lead","Brown, Brené *",,,2020-08-26,1592407331,287,Hardcover
The Gifts of Imperfection,"Brown, Brené *",,,2020-08-26,159285849X,137,Paperback
The Vanishing Half,"Bennett, Brit *",,,2020-08-25,0525536299,343,Hardcover
Stillness and Speed: My Story,"Bergkamp, Dennis",,,2020-08-24,1471129519,269,Hardcover
Brilliant Orange: The Neurotic Genius of Dutch Football,"Winner, David",,,2020-08-24,0747547084,246,Hardcover
"Black Skin, White Masks","Fanon, Frantz",,,2020-08-21,0802150845,232,Paperback
Invincible: Inside Arsenal's Unbeaten 2003-2004 Season,"Lawrence, Amy",4.0,,2020-08-20,0241970504,233,Kindle Edition
Are Prisons Obsolete?,"Davis, Angela Y.",,,2020-08-19,1583225811,128,Paperback
"Freedom is a Constant Struggle: Ferguson, Palestine and the Foundations of a Movement","Davis, Angela Y.",,,2020-08-19,1608465640,158,Paperback
"Women, Race & Class","Davis, Angela Y.",,,2020-08-19,0394713516,271,Paperback
A Change Is Gonna Come,"Bello, Mary",,,2020-08-19,1847158390,320,Paperback
A Cultured Left Foot,"Okwonga, Musa",,,2020-08-19,0715637630,224,Paperback
The Good Immigrant,"Shukla, Nikesh *",,,2020-08-19,178352295X,272,Hardcover
We Were Eight Years in Power: An American Tragedy,"Coates, Ta-Nehisi",,,2020-08-19,0399590560,367,Hardcover
The Water Dancer,"Coates, Ta-Nehisi",,,2020-08-19,,416,Hardcover
Between the World and Me,"Coates, Ta-Nehisi",5.0,,2020-08-19,,152,Hardcover
Mensagem - Poemas Esotéricos,"Pessoa, Fernando",,,2020-08-19,848966627X,532,Hardcover
The Book of Disquiet: The Complete Edition,"Pessoa, Fernando",,,2020-08-19,0811226948,433,Kindle Edition
مذكرات طبيبة,"El Saadawi, Nawal",,,2020-08-19,,110,Paperback
المرأة والجنس,"El Saadawi, Nawal",,,2020-08-19,,201,Paperback
Woman at Point Zero,"El Saadawi, Nawal",,,2020-08-19,,108,Paperback
Feather Woman of the Jungle,"Tutuola, Amos",,,2020-08-19,0872862151,132,Paperback
My Life in the Bush of Ghosts,"Tutuola, Amos",,,2020-08-19,0802131050,174,Paperback
The Palm-Wine Drinkard,"Tutuola, Amos",,,2020-08-19,0571049966,125,Paperback
Golden Sardine,"Kaufman, Bob",,,2020-08-19,0872860264,81,Paperback
The Black Sheep,"Balzac, Honoré de",,,2020-07-31,0140442375,339,Paperback
Père Goriot,"Balzac, Honoré de",,,2020-07-31,039397166X,384,Paperback
"The Color of Magic         (Discworld, #1; Rincewind, #1)","Pratchett, Terry",5.0,2023-01-31,2020-07-29,0060855924,228,Paperback
Chomsky On Anarchism,"Chomsky, Noam",4.0,2024-05-10,2020-07-29,1904859208,241,Paperback
The Ruins Of Empires,Akala,,,2020-07-29,,79,Paperback
ives: Race and Class in the Ruins of Empire,Akala,5.0,,2020-07-29,1473661218,352,Hardcover
A Medicine for Melancholy and Other Stories,"Bradbury, Ray",,,2020-07-29,,307,Paperback
The October Country,"Bradbury, Ray",,,2020-07-29,0380973871,334,Hardcover
Zen in the Art of Writing: Releasing the Creative Genius Within You,"Bradbury, Ray",,,2020-07-29,0553296345,158,Mass Market Paperback
The Illustrated Man,"Bradbury, Ray",,,2020-07-29,000712774X,186,Paperback
The Martian Chronicles,"Bradbury, Ray",,,2020-07-29,0553278223,182,Mass Market Paperback
Fahrenheit 451,"Bradbury, Ray",5.0,,2020-07-29,,194,Kindle Edition
Dandelion Wine,"Bradbury, Ray",,,2020-07-29,0671037706,239,Paperback
I Walked With Heroes,"Romulo, Carlos P.",,,2020-07-29,0548443092,360,Paperback
The Kite Runner,"Hosseini, Khaled *",,,2020-07-29,159463193X,371,Paperback
Queenie,"Carty-Williams, Candice *",,,2020-07-29,1409180085,,Kindle Edition
The African Dream: The Diaries of the Revolutionary War in the Congo,"Guevara, Ernesto Che",,,2020-07-29,0802138349,304,Paperback
Disgrace,"Coetzee, J.M.",,,2020-07-29,0143036378,220,Paperback
Hard-Boiled Wonderland and the End of the World,"Murakami, Haruki",,,2020-07-29,,400,Paperback
"1Q84         (1Q84, #1-3)","Murakami, Haruki",,,2020-07-29,0307593312,944,Hardcover
The Wind-Up Bird Chronicle,"Murakami, Haruki",,,2020-07-29,0965341984,607,Paperback
Kafka on the Shore,"Murakami, Haruki",,,2020-07-29,,467,Paperback
Norwegian Wood,"Murakami, Haruki",,,2020-07-29,,296,Paperback
Teach Us to Outgrow Our Madness,"Ōe, Kenzaburō",,,2020-07-29,080215185X,261,Paperback
The Silent Cry,"Ōe, Kenzaburō",4.0,,2020-07-29,1852426020,274,Paperback
"Nip the Buds, Shoot the Kids","Ōe, Kenzaburō",,,2020-07-29,0802134637,189,Paperback
My Many-coated Man,laurie-lee,4.0,,2020-07-29,0233961895,30,Paperback
As I Walked Out One Midsummer Morning,"Lee, Laurie",,,2020-07-29,0140033181,192,Paperback
The Inugami Clan         (Detective Kosuke Kindaichi #6),"Yokomizo, Seishi",,,2020-07-29,1933330317,309,Paperback
The Football Code: The Science of Predicting the Beautiful Game,"Tippett, James",3.0,,2020-07-29,,261,Kindle Edition
No Name in the Street,"Baldwin, James",,,2020-07-29,0307275922,208,Paperback
Dark Days,"Baldwin, James",4.0,,2020-07-29,0241337542,50,Paperback
"The Price of the Ticket: Collected Nonfiction, 1948-1985","Baldwin, James",,,2020-07-29,0312643063,712,Hardcover
Vintage Baldwin,"Baldwin, James",,,2020-07-29,1400033942,208,Paperback
Go Tell it on the Mountain / Giovanni's Room / The Fire Next Time,"Baldwin, James",,,2020-07-29,,120,Paperback
Great American Authors Read from Their Works: 1,"Baldwin, James",,,2020-07-29,0991141407,0,Audio CD
African American Literature: Globe Multicultural Literature Collection,"Baldwin, James",,,2020-07-29,0835906108,153,Paperback
Jimmy's Blues: Selected Poems,"Baldwin, James",,,2020-07-29,0312051042,75,Paperback
Conversations with James Baldwin,"Baldwin, James",,,2020-07-29,0878053891,312,Paperback
Jimmy's Blues and Other Poems,"Baldwin, James",,,2020-07-29,0807084867,120,Paperback
Nobody Knows My Name,"Baldwin, James",,,2020-07-29,0679744738,242,Paperback
Tell Me How Long the Train's Been Gone,"Baldwin, James",,,2020-07-29,0375701893,496,Paperback
Collected Essays: Notes of a ive Son / Nobody Knows My Name / The Fire Next Time / No Name in the Street / The Devil Finds Work / Other Essays,"Baldwin, James",,,2020-07-29,1883011523,869,Hardcover
Just Above My Head,"Baldwin, James",,,2020-07-29,0385334567,584,Paperback
Sonny's Blues,"Baldwin, James",,,2020-07-29,3125765005,88,Paperback
Going to Meet the Man,"Baldwin, James",,,2020-07-29,,249,Paperback
Notes of a ive Son,"Baldwin, James",4.0,,2020-07-29,0807064319,192,Paperback
Another Country,"Baldwin, James",,,2020-07-29,0141186372,448,Paperback
If Beale Street Could Talk,"Baldwin, James",5.0,2025-03-05,2020-07-29,0307275930,197,Paperback
Go Tell It on the Mountain,"Baldwin, James",,,2020-07-29,0141185910,256,Paperback
Giovanni’s Room,"Baldwin, James",5.0,2022-10-14,2020-07-29,,159,Paperback
Women & Power: A Manifesto,"Beard, Mary",5.0,,2020-07-29,1631494759,115,Hardcover
Into the Wild,"Krakauer, Jon *",5.0,,2020-07-29,0385486804,207,Paperback
World War Z: An Oral History of the Zombie War,"Brooks, Max *",4.0,,2020-07-29,0307346609,342,Hardcover
The Bottom Billion: Why the Poorest Countries Are Failing and What Can Be Done About It,"Collier, Paul",4.0,,2020-07-29,0195311450,205,Hardcover
Outliers: The Story of Success,"Gladwell, Malcolm",4.0,,2020-07-29,0316017922,309,Hardcover
Slaughterhouse-Five,"Vonnegut Jr., Kurt",5.0,,2020-07-29,,275,Paperback
Escape from Freedom,"Fromm, Erich",4.0,,2020-07-29,0805031499,301,Paperback
"Thinking, Fast and Slow","Kahneman, Daniel",5.0,,2020-07-29,0374275637,499,Hardcover
I Am Legend,"Matheson, Richard",4.0,2022-05-04,2020-07-29,0795315635,101,Kindle Edition
The Thing Around Your Neck,"Adichie, Chimamanda Ngozi",4.0,,2020-07-29,0307271072,218,Hardcover
Half of a Yellow Sun,"Adichie, Chimamanda Ngozi",,,2020-07-29,1400044162,435,Hardcover
Americanah,"Adichie, Chimamanda Ngozi",5.0,2022-04-18,2020-07-29,,477,Hardcover
The Genius of Huey P. Newton,"Newton, Huey P.",,,2020-07-29,1564110672,35,Paperback
The Huey P. Newton Reader,"Newton, Huey P.",,,2020-07-29,158322467X,368,Paperback
Seize the Time: The Story of the Black Panther Party and Huey P. Newton,"Seale, Bobby",,,2020-07-29,093312130X,429,Paperback
To Die for the People: The Writings of Huey P. Newton,"Newton, Huey P.",,,2020-07-29,0863163270,232,Paperback
The Fifth Sally,"Keyes, Daniel",,,2020-07-29,0395294495,278,Hardcover
The Minds of Billy Milligan,"Keyes, Daniel",,,2020-07-29,0394519434,374,Hardcover
Self Portrait Che Guevara,"Guevara, Ernesto Che",,,2020-07-29,1876175826,305,Paperback
Back on the Road (Otra Vez): A Journey Through Latin America,"Guevara, Ernesto Che",,,2020-07-29,0802139426,160,Paperback
Reminiscences of the Cuban Revolutionary War: Authorized Edition,"Guevara, Ernesto Che",,,2020-07-29,1920888330,320,Paperback
Che Guevara Reader: Writings on Politics & Revolution,"Guevara, Ernesto Che",,,2020-07-29,1876175699,420,Paperback
Che Guevara: A Revolutionary Life,"Anderson, Jon Lee",,,2020-07-29,0802135587,814,Paperback
The Motorcycle Diaries: Notes on a Latin American Journey,"Guevara, Ernesto Che",5.0,,2020-07-29,1876175702,175,Paperback
Mr Salary,"Rooney, Sally *",4.0,,2020-07-29,0571351956,33,Paperback
American Poets in the 21st Century: The New Poetics,"Rankine, Claudia",,,2020-07-29,0819567280,416,Paperback
American Women Poets in the 21st Century: Where Lyric Meets Language,"Rankine, Claudia",,,2020-07-29,0819565474,452,Paperback
The End of the Alphabet: Poems,"Rankine, Claudia",,,2020-07-29,0802116345,100,Hardcover
The White Card: A Play,"Rankine, Claudia",,,2020-07-29,1555978398,94,Paperback
Don’t Let Me Be Lonely: An American Lyric,"Rankine, Claudia",5.0,,2020-07-29,1555974074,168,Paperback
Gil Scott- Heron: A Father and Son Story,"Goffe, Leslie Gordon",,,2020-07-29,9768202890,272,Paperback
The Nigger Factory,"Scott-Heron, Gil",,,2020-07-29,0802120539,256,Paperback
The Vulture,"Scott-Heron, Gil",,,2020-07-29,0862415284,256,Paperback
Gil Scott-Heron: Pieces of a Man,"Baram, Marcus *",,,2020-07-29,1250012783,320,Hardcover
The Last Holiday: A Memoir,"Scott-Heron, Gil",,,2020-07-29,0857863010,319,Hardcover
Their Eyes Were Watching God,"Hurston, Zora Neale",4.0,,2020-07-29,0061120065,238,Paperback
Mo' Meta Blues: The World According to Questlove,"Thompson, Ahmir Questlove",5.0,,2020-07-29,1455501352,288,Hardcover
That Reminds Me,"Owusu, Derek",5.0,,2020-07-29,152911859X,128,Hardcover
Collected Poems: 1950–2012,"Rich, Adrienne",,,2020-07-11,0393285111,,Hardcover
The Racial Imaginary: Writers on Race in the Life of the Mind,"Rankine, Claudia",,,2020-07-11,1934200794,256,Paperback
Citizen: An American Lyric,"Rankine, Claudia",5.0,2022-04-24,2020-07-11,1555976905,169,Paperback
The Autobiography of Malcolm X,"X, Malcolm",5.0,2025-09-21,2020-07-07,0141032723,528,Paperback
The Myth of Sisyphus,"Camus, Albert",,,2020-07-07,0141023996,134,Paperback
The Outsider,"Camus, Albert",5.0,,2020-07-07,0141198060,111,Paperback
The Assassiion of Fred Hampton: How the FBI and the Chicago Police Murdered a Black Panther,"Haas, Jeffrey",,,2020-07-07,1556527659,424,Hardcover
Assata: An Autobiography,"Shakur, Assata",,,2020-07-07,1556520743,274,Paperback
An Autobiography,"Davis, Angela Y.",,,2020-07-07,0717806677,416,Paperback
Revolutionary Suicide,"Newton, Huey P.",5.0,,2020-07-07,110114047X,385,Kindle Edition
We Should All Be Feminists,"Adichie, Chimamanda Ngozi",4.0,,2020-07-07,0008115273,52,Paperback
The Fire Next Time,"Baldwin, James",5.0,,2020-07-07,0140182756,96,Paperback
I am not your negro,"Baldwin, James",4.0,,2020-07-07,0141986670,118,Paperback
A Personal Matter,"Ōe, Kenzaburō",5.0,,2020-07-07,0802150616,165,Paperback
Perfect Sound Whatever,"Acaster, James",5.0,,2020-07-07,1472260309,288,Hardcover
Football Hackers: The Science and Art of a Data Revolution,"Biermann, Christoph",5.0,,2020-07-07,1788702050,304,Paperback
Fela: This Bitch of A Life,"Moore, Carlos",4.0,,2020-07-07,,288,Kindle Edition
The Book Thief,"Zusak, Markus *",4.0,,2020-07-07,,499,Kindle Edition
Now and Then...,"Scott-Heron, Gil",5.0,,2020-07-07,086241900X,144,Paperback
Normal People,"Rooney, Sally *",5.0,,2020-07-07,,266,Paperback
Why I'm No Longer Talking to White People About Race,"Eddo-Lodge, Reni",5.0,,2020-07-07,1408870584,270,Paperback
