Date,Name,Year,Letterboxd URI
2019-11-20,You Were Never Really Here,2017,https://boxd.it/dWOS
2019-11-20,Mulholland Drive,2001,https://boxd.it/297o
2019-11-20,Léon: The Professional,1994,https://boxd.it/2b8S
2019-11-20,The Thing,1982,https://boxd.it/294O
2019-11-20,Chernobyl,2019,https://boxd.it/mkbG
2019-11-20,Green Room,2015,https://boxd.it/a75m
2019-11-20,The Conjuring,2013,https://boxd.it/4sr2
2019-11-20,City of God,2002,https://boxd.it/2a2a
2019-11-20,The Wailing,2016,https://boxd.it/9fLy
2019-11-20,The Skin I Live In,2011,https://boxd.it/99A
2019-11-20,Take Shelter,2011,https://boxd.it/DQ
2019-11-20,I Saw the Devil,2010,https://boxd.it/FaK
2019-11-20,The Witch,2015,https://boxd.it/9X0m
2019-11-20,Coherence,2013,https://boxd.it/6xza
2019-11-20,Thelma & Louise,1991,https://boxd.it/28Ew
2019-11-20,Call Me by Your Name,2017,https://boxd.it/dYmm
2019-11-20,Arrival,2016,https://boxd.it/aNGk
2019-11-20,Logan,2017,https://boxd.it/7Piy
2019-11-20,2001: A Space Odyssey,1968,https://boxd.it/2bf0
2019-11-20,A Star Is Born,2018,https://boxd.it/aXgc
2019-11-20,The Lobster,2015,https://boxd.it/7tnw
2019-11-20,There Will Be Blood,2007,https://boxd.it/20Z2
2019-11-20,Eyes Wide Shut,1999,https://boxd.it/2axs
2019-11-20,A Ghost Story,2017,https://boxd.it/fb0K
2019-11-20,Magnolia,1999,https://boxd.it/2aze
2019-11-20,Boogie Nights,1997,https://boxd.it/23um
2019-11-20,Dallas Buyers Club,2013,https://boxd.it/4O8G
2019-11-20,Creed,2015,https://boxd.it/a2qk
2019-11-20,If Beale Street Could Talk,2018,https://boxd.it/gGhu
2019-11-20,Brave,2012,https://boxd.it/bVG
2019-11-20,American History X,1998,https://boxd.it/2bdo
2019-11-20,Don't Breathe,2016,https://boxd.it/9yzw
2019-11-20,The Green Mile,1999,https://boxd.it/2agG
2019-11-20,The Iron Giant,1999,https://boxd.it/1Wow
2019-11-20,Velvet Buzzsaw,2019,https://boxd.it/gAy0
2019-11-20,The Birds,1963,https://boxd.it/2a6m
2019-11-20,The Help,2011,https://boxd.it/EDm
2019-11-20,The Raid,2011,https://boxd.it/3hBy
2019-11-20,Solaris,1972,https://boxd.it/2a2Y
2019-11-20,The Blues Brothers,1980,https://boxd.it/2adi
2019-11-20,The Founder,2016,https://boxd.it/9XwM
2019-11-20,The Act of Killing,2012,https://boxd.it/44Cg
2019-11-20,The Descent,2005,https://boxd.it/1YNy
2019-11-20,The Visit,2015,https://boxd.it/9ssO
2019-11-20,Labyrinth,1986,https://boxd.it/1POC
2019-11-20,Walk the Line,2005,https://boxd.it/2bdS
2019-11-20,The Boy in the Striped Pyjamas,2008,https://boxd.it/1NOK
2019-11-20,My Life as a Zucchini,2016,https://boxd.it/dL2y
2019-11-20,Maniac,2018,https://boxd.it/jX9y
2019-11-20,Cruel Intentions,1999,https://boxd.it/29Be
2019-11-20,Youth,2015,https://boxd.it/9Y7S
2019-11-20,Hellboy,2019,https://boxd.it/gjaA
2019-11-20,October 1,2014,https://boxd.it/aCmS
2019-11-20,Magic Mike,2012,https://boxd.it/2HvY
2019-11-20,Citizenfour,2014,https://boxd.it/9eSe
2019-11-20,Before Midnight,2013,https://boxd.it/4ive
2019-11-20,Before Sunrise,1995,https://boxd.it/2bcU
2019-11-20,Before Sunset,2004,https://boxd.it/2bcg
2019-11-20,Hotel Rwanda,2004,https://boxd.it/2aSA
2019-11-20,I Am Not Your Negro,2016,https://boxd.it/etXy
2019-11-20,The Breadwinner,2017,https://boxd.it/frLs
2019-11-20,The Master,2012,https://boxd.it/2cBG
2019-11-20,Capote,2005,https://boxd.it/2atq
2019-11-20,Room 237,2012,https://boxd.it/2Y46
2019-11-20,Wind River,2017,https://boxd.it/dR3i
2019-11-20,True Grit,2010,https://boxd.it/Sog
2019-11-20,Four Weddings and a Funeral,1994,https://boxd.it/29KA
2019-11-20,When Harry Met Sally...,1989,https://boxd.it/29W2
2019-11-20,It's a Wonderful Life,1946,https://boxd.it/28xA
2019-11-20,Frida,2002,https://boxd.it/28Vi
2019-11-20,Invictus,2009,https://boxd.it/1zPk
2019-11-20,Black Dynamite,2009,https://boxd.it/1wX6
2019-11-20,Sicario,2015,https://boxd.it/8i7u
2019-12-06,Men & Chicken,2015,https://boxd.it/9nP4
2019-12-06,Nebraska,2013,https://boxd.it/4exq
2019-12-06,Snowpiercer,2013,https://boxd.it/3Icg
2019-12-06,God's Own Country,2017,https://boxd.it/faZM
2019-12-06,The Taking of Deborah Logan,2014,https://boxd.it/9r3o
2019-12-06,The Hunt,2012,https://boxd.it/3wEC
2020-01-06,One Child Nation,2019,https://boxd.it/kL0Q
2020-01-06,Paddleton,2019,https://boxd.it/j4YQ
2020-01-06,Ad Astra,2019,https://boxd.it/ePzI
2020-01-06,The Beach Bum,2019,https://boxd.it/fH4O
2020-01-06,The Australian Dream,2019,https://boxd.it/iTwc
2020-01-06,Marriage Story,2019,https://boxd.it/hJAw
2020-01-06,Blade Runner 2049,2017,https://boxd.it/b8wK
2020-01-06,Inside Llewyn Davis,2013,https://boxd.it/34Ro
2020-01-06,Up in the Air,2009,https://boxd.it/1zPY
2020-01-06,Eternal Sunshine of the Spotless Mind,2004,https://boxd.it/6YK
2020-01-06,Josie and the Pussycats,2001,https://boxd.it/1Fdm
2020-01-06,Half Nelson,2006,https://boxd.it/20Ng
2020-01-06,Punch-Drunk Love,2002,https://boxd.it/20E4
2020-01-08,Dead Ringers,1988,https://boxd.it/1Yqk
2020-01-08,Dawn of the Dead,1978,https://boxd.it/29gU
2020-01-09,Enemy,2013,https://boxd.it/5xtO
2020-01-09,The Laundromat,2019,https://boxd.it/iLUK
2020-01-09,The Farewell,2019,https://boxd.it/kIky
2020-01-09,The Handmaiden,2016,https://boxd.it/948A
2020-01-09,Roma,2018,https://boxd.it/f69M
2020-02-12,Kiki's Delivery Service,1989,https://boxd.it/1JAY
2020-02-12,Fighting with My Family,2019,https://boxd.it/fRyO
2020-02-12,Gone Girl,2014,https://boxd.it/6hQu
2020-02-12,Lost River,2014,https://boxd.it/5cjy
2020-03-10,The Host,2006,https://boxd.it/28ZY
2020-03-10,Finding Fela,2014,https://boxd.it/7lpE
2020-03-10,Gil Scott-Heron: The Revolution Will Not Be Televised,2003,https://boxd.it/g7NK
2020-03-10,The Ritual,2017,https://boxd.it/fo0I
2020-03-10,Suspiria,2018,https://boxd.it/cioI
2020-04-08,RoboCop,1987,https://boxd.it/22Wu
2020-04-09,Stand by Me,1986,https://boxd.it/2aOe
2020-04-11,Being John Malkovich,1999,https://boxd.it/2ahu
2020-04-11,Gremlins,1984,https://boxd.it/29gg
2020-04-11,Boyhood,2014,https://boxd.it/3178
2020-04-11,Crimson Peak,2015,https://boxd.it/62Ty
2020-04-11,We Need to Talk About Kevin,2011,https://boxd.it/2pTS
2020-04-11,Hook,1991,https://boxd.it/29nQ
2020-04-11,Rebel Without a Cause,1955,https://boxd.it/2aQu
2020-04-12,Young Frankenstein,1974,https://boxd.it/25To
2020-04-12,Animal House,1978,https://boxd.it/2062
2020-04-12,Top Secret!,1984,https://boxd.it/1ZSE
2020-04-12,Evil Dead II,1987,https://boxd.it/29Ge
2020-04-12,Citizen Ruth,1996,https://boxd.it/1Pco
2020-04-12,Delicatessen,1991,https://boxd.it/29lK
2020-04-12,Waiting for Guffman,1996,https://boxd.it/1K4E
2020-04-12,Election,1999,https://boxd.it/1YEc
2020-04-12,Kung Fu Hustle,2004,https://boxd.it/1YBi
2020-04-12,Le Donk & Scor-zay-zee,2009,https://boxd.it/1wvw
2020-04-12,Mistress America,2015,https://boxd.it/9UfS
2020-04-12,Sideways,2004,https://boxd.it/1Y5c
2020-04-12,Best in Show,2000,https://boxd.it/1Pqq
2020-05-18,Humpday,2009,https://boxd.it/1ySC
2020-05-18,Coraline,2009,https://boxd.it/1NhQ
2020-05-18,Howl's Moving Castle,2004,https://boxd.it/23De
2020-05-18,Princess Mononoke,1997,https://boxd.it/2b4w
2020-05-18,Spirited Away,2001,https://boxd.it/2b4m
2020-05-18,Akira,1988,https://boxd.it/2b1i
2020-05-18,Grave of the Fireflies,1988,https://boxd.it/1RUM
2020-05-18,Anomalisa,2015,https://boxd.it/97TE
2020-05-18,Ponyo,2008,https://boxd.it/1S0A
2020-05-18,Rango,2011,https://boxd.it/QPk
2020-05-18,Missing Link,2019,https://boxd.it/gn0O
2020-05-24,Paterson,2016,https://boxd.it/cRk2
2020-05-24,Come to Daddy,2019,https://boxd.it/lAqK
2020-05-24,Fast Five,2011,https://boxd.it/BgO
2020-05-24,The Last Dance,2020,https://boxd.it/pVfc
2020-05-24,La Haine,1995,https://boxd.it/2as8
2020-05-24,Suspiria,1977,https://boxd.it/1SNW
2020-05-24,Blue Valentine,2010,https://boxd.it/MxG
2020-05-24,Honey Boy,2019,https://boxd.it/ixvm
2020-05-24,Audition,1999,https://boxd.it/1UHm
2020-05-24,Your Name.,2016,https://boxd.it/cUqs
2020-05-24,5 Centimeters per Second,2007,https://boxd.it/16G4
2020-05-24,Never Rarely Sometimes Always,2020,https://boxd.it/lWJk
2020-05-24,Hector and the Search for Happiness,2014,https://boxd.it/7tvq
2020-05-24,The Monster Squad,1987,https://boxd.it/1Q1w
2020-05-24,Fracture,2007,https://boxd.it/220K
2020-05-24,The Lost City of Z,2016,https://boxd.it/a7jS
2020-05-24,Hostiles,2017,https://boxd.it/dpiO
2020-05-24,Loch Ness,1996,https://boxd.it/Chy
2020-05-25,Romancing the Stone,1984,https://boxd.it/1YXS
2020-05-25,Contact,1997,https://boxd.it/29OM
2020-05-25,All the Money in the World,2017,https://boxd.it/fUsk
2020-05-25,The Drop,2014,https://boxd.it/4Rrc
2020-05-25,Jim & Andy: The Great Beyond,2017,https://boxd.it/gO36
2020-05-25,Man on the Moon,1999,https://boxd.it/281k
2020-05-25,Rain Man,1988,https://boxd.it/2avw
2020-05-25,Gorillas in the Mist,1988,https://boxd.it/1X14
2020-06-08,Warm Bodies,2013,https://boxd.it/2TFm
2020-06-08,The Shallows,2016,https://boxd.it/aXgQ
2020-06-08,"Salò, or the 120 Days of Sodom",1975,https://boxd.it/237s
2020-06-08,Christine,1983,https://boxd.it/1ZRQ
2020-07-03,Brewster's Millions,1985,https://boxd.it/1UJ8
2020-07-20,First Cow,2019,https://boxd.it/krga
2020-07-25,Psycho,1960,https://boxd.it/2ab2
2020-08-15,Two Hands,1999,https://boxd.it/1QcO
2020-08-22,Calvary,2014,https://boxd.it/4WE6
2020-08-22,An American Pickle,2020,https://boxd.it/niWi
2020-08-23,Gonjiam: Haunted Asylum,2018,https://boxd.it/ioyw
2020-08-27,Good Time,2017,https://boxd.it/fcFu
2020-08-27,Super Dark Times,2017,https://boxd.it/dTle
2020-09-02,The Sandlot,1993,https://boxd.it/1TDy
2020-09-02,World on a Wire,1973,https://boxd.it/B9me
2020-09-02,Fantastic Planet,1973,https://boxd.it/1KnQ
2020-09-05,Breakfast on Pluto,2005,https://boxd.it/28MU
2020-09-06,Upgrade,2018,https://boxd.it/i4gW
2020-09-06,Bill & Ted Face the Music,2020,https://boxd.it/i7BI
2020-09-06,Thank You for Smoking,2005,https://boxd.it/1YOc
2020-09-08,Caché,2005,https://boxd.it/2amY
2020-09-08,The Craft,1996,https://boxd.it/1Zai
2020-09-10,Revenge,2017,https://boxd.it/gL9g
2020-09-25,Slam,1998,https://boxd.it/187U
2020-09-25,Today,2012,https://boxd.it/3IfY
2020-09-25,Downtown '81,2000,https://boxd.it/1tCk
2020-09-25,I'm Thinking of Ending Things,2020,https://boxd.it/i4IQ
2020-09-26,Mother,2009,https://boxd.it/1m9g
2020-10-08,Nick Cave & The Bad Seeds: One More Time with Feeling,2016,https://boxd.it/edaK
2020-10-08,A Serious Man,2009,https://boxd.it/1RFW
2020-10-08,First Reformed,2017,https://boxd.it/go9C
2020-10-08,Remember the Titans,2000,https://boxd.it/1VLk
2020-10-08,Any Given Sunday,1999,https://boxd.it/1YmC
2020-10-12,Jamaica Inn,1939,https://boxd.it/1hXq
2020-10-12,Rebecca,1940,https://boxd.it/2aQa
2020-10-12,Rope,1948,https://boxd.it/28yo
2020-10-12,Beast Beast,2020,https://boxd.it/oiMY
2020-10-12,Greener Grass,2019,https://boxd.it/jYoY
2020-10-12,The Robbery,2017,https://boxd.it/fxta
2020-10-12,Shithouse,2020,https://boxd.it/nCFc
2020-10-12,An American Werewolf in London,1981,https://boxd.it/29yk
2020-10-12,Fish out of Water,2009,https://boxd.it/4rak
2020-10-12,Howling,2012,https://boxd.it/3S3y
2020-10-12,Halloween,1978,https://boxd.it/2wRu
2020-10-12,They Live,1988,https://boxd.it/20lm
2020-10-12,Escape from New York,1981,https://boxd.it/294k
2020-10-12,Big Trouble in Little China,1986,https://boxd.it/21em
2020-10-12,Seduced and Abandoned,1964,https://boxd.it/W1q
2020-10-12,The 'Burbs,1989,https://boxd.it/1SDi
2020-10-12,Obvious Child,2014,https://boxd.it/7i3A
2020-10-12,The Hills Have Eyes,2006,https://boxd.it/1XNC
2020-10-12,Lights Out,2016,https://boxd.it/bAHc
2020-10-12,Deep Web,2015,https://boxd.it/arvY
2020-10-12,Zappa,2020,https://boxd.it/bSSs
2020-10-25,From Beyond,1986,https://boxd.it/1NXi
2020-11-03,Kajillionaire,2020,https://boxd.it/jJDY
2020-11-19,Stop Making Sense,1984,https://boxd.it/1ygo
2020-12-05,Mommy,2014,https://boxd.it/7Uau
2020-12-12,Mank,2020,https://boxd.it/mIuC
2020-12-12,Che: Part One,2008,https://boxd.it/1ZGe
2020-12-18,Eraserhead,1977,https://boxd.it/299u
2020-12-28,Mangrove,2020,https://boxd.it/qEAa
2020-12-28,The Nightingale,2018,https://boxd.it/e1Ga
2020-12-28,Monster,2005,https://boxd.it/7Og2
2021-01-06,Death to 2020,2020,https://boxd.it/t4EQ
2021-01-06,Nomadland,2020,https://boxd.it/lnRy
2021-01-21,Babyteeth,2019,https://boxd.it/iWDU
2021-01-21,Sweet Home,1989,https://boxd.it/2np2
2021-01-21,Andhadhun,2018,https://boxd.it/jtfc
2021-01-21,Drishyam,2015,https://boxd.it/bQgm
2021-01-21,The Frozen Ground,2013,https://boxd.it/605w
2021-01-21,Forgotten,2017,https://boxd.it/hAJE
2021-01-24,The Half of It,2020,https://boxd.it/m0T4
2021-01-30,One Night in Miami...,2020,https://boxd.it/oCUo
2021-02-07,The Ballad of Buster Scruggs,2018,https://boxd.it/jB2q
2021-02-07,The Gentlemen,2019,https://boxd.it/iYBQ
2021-02-07,"Hail, Caesar!",2016,https://boxd.it/881G
2021-02-08,It Comes at Night,2017,https://boxd.it/eLuk
2021-03-08,Minari,2020,https://boxd.it/mL9M
2021-03-08,Raya and the Last Dragon,2021,https://boxd.it/jbkI
2021-03-10,Rocks,2019,https://boxd.it/l8Qg
2021-03-10,The Father,2020,https://boxd.it/m8Ie
2021-03-10,The Dig,2021,https://boxd.it/jo2i
2021-03-10,The Mauritanian,2021,https://boxd.it/nWiM
2021-03-10,The Trial of the Chicago 7,2020,https://boxd.it/kn3w
2021-03-10,His House,2020,https://boxd.it/l8Qq
2021-03-10,Ma Rainey's Black Bottom,2020,https://boxd.it/mLcm
2021-03-10,Calm with Horses,2019,https://boxd.it/l5uQ
2021-03-10,News of the World,2020,https://boxd.it/lm7a
2021-03-10,Sound of Metal,2019,https://boxd.it/i7Q4
2021-05-05,The Lonely Island Presents: The Unauthorized Bash Brothers Experience,2019,https://boxd.it/mihs
2021-07-17,Waking Life,2001,https://boxd.it/1Zdc
2021-07-17,Perfume: The Story of a Murderer,2006,https://boxd.it/28LW
2021-08-15,Go,1999,https://boxd.it/1YHA
2021-08-15,Split,2016,https://boxd.it/dgSy
2021-08-15,The Florida Project,2017,https://boxd.it/dMG0
2021-08-15,My Neighbor Totoro,1988,https://boxd.it/20eA
2021-08-15,Apocalypse Now,1979,https://boxd.it/6ZS
2021-08-15,Raiders of the Lost Ark,1981,https://boxd.it/2bbs
2021-08-15,Vertigo,1958,https://boxd.it/2apI
2021-08-15,12 Angry Men,1957,https://boxd.it/2auI
2021-08-15,The Killing of a Sacred Deer,2017,https://boxd.it/dZ5G
2021-08-15,Dr. Strangelove or: How I Learned to Stop Worrying and Love the Bomb,1964,https://boxd.it/29eY
2021-08-15,The Queen's Gambit,2020,https://boxd.it/s1Ym
2021-08-15,Perfect Blue,1997,https://boxd.it/1W7A
2021-08-15,The Exorcist,1973,https://boxd.it/1Yoo
2021-08-15,The Pianist,2002,https://boxd.it/2aqc
2021-08-15,Life of Pi,2012,https://boxd.it/37pC
2021-08-15,Indiana Jones and the Last Crusade,1989,https://boxd.it/2baO
2021-08-15,Seven Samurai,1954,https://boxd.it/2axi
2021-08-15,Climax,2018,https://boxd.it/ikvo
2021-08-15,Dazed and Confused,1993,https://boxd.it/1Ylk
2021-08-15,"Crazy, Stupid, Love.",2011,https://boxd.it/D9A
2021-08-15,Into the Wild,2007,https://boxd.it/22m2
2021-08-15,WandaVision,2021,https://boxd.it/sbGW
2021-08-15,Corpse Bride,2005,https://boxd.it/24WQ
2021-08-15,Pacific Rim,2013,https://boxd.it/2cB2
2021-08-15,Moon,2009,https://boxd.it/1IGQ
2021-08-15,Twelve Monkeys,1995,https://boxd.it/2beQ
2021-08-15,Contagion,2011,https://boxd.it/13rq
2021-08-15,Fear and Loathing in Las Vegas,1998,https://boxd.it/27Xs
2021-08-15,The Post,2017,https://boxd.it/fTeG
2021-08-15,Da 5 Bloods,2020,https://boxd.it/lnXw
2021-08-15,Malcolm & Marie,2021,https://boxd.it/r5cO
2021-08-15,Paprika,2006,https://boxd.it/23wW
2021-08-15,Castle in the Sky,1986,https://boxd.it/1W4G
2021-08-15,Under the Silver Lake,2018,https://boxd.it/dSAs
2021-08-15,The Last Black Man in San Francisco,2019,https://boxd.it/iWAw
2021-08-15,The Room,2003,https://boxd.it/1ICY
2021-08-15,The Wind Rises,2013,https://boxd.it/4JQS
2021-08-23,George of the Jungle,1997,https://boxd.it/1VQO
2021-08-23,Schindler's List,1993,https://boxd.it/2aq2
2021-08-23,Monster House,2006,https://boxd.it/1Z2e
2021-09-09,Heathers,1989,https://boxd.it/26x4
2021-09-09,Shang-Chi and the Legend of the Ten Rings,2021,https://boxd.it/kLDI
2021-09-10,The Talented Mr. Ripley,1999,https://boxd.it/2924
2021-09-14,Yi Yi,2000,https://boxd.it/1vCw
2021-10-05,Squid Game,2021,https://boxd.it/x1OG
2021-10-25,Zero to Hero,2021,https://boxd.it/rPkY
2021-10-25,Chungking Express,1994,https://boxd.it/1UDa
2021-10-25,Drug War,2012,https://boxd.it/3IcK
2021-10-25,Exiled,2006,https://boxd.it/1Pn2
2021-10-25,Internal Affairs,1990,https://boxd.it/1UJM
2021-10-25,Mad World,2016,https://boxd.it/eALk
2021-10-25,Lost in the Fumes,2017,https://boxd.it/j25k
2021-10-25,No. 1 Chung Ying Street,2018,https://boxd.it/iCIq
2021-10-25,Do Not Split,2020,https://boxd.it/omcU
2021-10-25,Vanished Archives,2017,https://boxd.it/gGZ2
2021-10-25,Ten Years,2015,https://boxd.it/d6e4
2021-10-25,The Killer,1989,https://boxd.it/1Vha
2021-10-25,Atomic Blonde,2017,https://boxd.it/blDk
2021-11-06,"The French Dispatch of the Liberty, Kansas Evening Sun",2021,https://boxd.it/jLP8
2021-11-06,Titane,2021,https://boxd.it/nlQC
2021-11-06,Lars and the Real Girl,2007,https://boxd.it/21tG
2021-11-06,Finding Neverland,2004,https://boxd.it/29pW
2021-11-18,Millions,2004,https://boxd.it/1QjK
2022-01-26,Jules and Jim,1962,https://boxd.it/28rM
2022-01-31,Black Rain,1989,https://boxd.it/24NY
2022-02-05,The Party,2017,https://boxd.it/eEVS
2022-02-12,Free Willy,1993,https://boxd.it/28qO
2022-02-12,Cool Runnings,1993,https://boxd.it/29qg
2022-02-12,Coneheads,1993,https://boxd.it/1YeS
2022-02-13,Jackass Forever,2022,https://boxd.it/opUg
2022-02-13,Rooney,2022,https://boxd.it/xnKQ
2022-02-13,Nightmare Alley,2021,https://boxd.it/m0HC
2022-02-13,CODA,2021,https://boxd.it/tbf4
2022-02-13,Drive My Car,2021,https://boxd.it/sv94
2022-02-13,Belfast,2021,https://boxd.it/tefG
2022-03-15,Shaolin Soccer,2001,https://boxd.it/1T86
2022-03-31,The Batman,2022,https://boxd.it/eDGs
2022-03-31,The Long Goodbye,2020,https://boxd.it/ppuO
2022-04-19,King Ralph,1991,https://boxd.it/1Vm0
2022-05-15,The Unbearable Weight of Massive Talent,2022,https://boxd.it/o6eK
2022-05-20,Interesting Ball,2014,https://boxd.it/9BCS
2022-05-20,Possibilia,2014,https://boxd.it/esRk
2022-06-08,Top Gun: Maverick,2022,https://boxd.it/cjr4
2022-06-08,Rear Window,1954,https://boxd.it/2a6Q
2022-06-08,You Won't Be Alone,2022,https://boxd.it/xjIG
2022-06-08,The Long Walk,2019,https://boxd.it/l7xM
2022-06-08,A Hero,2021,https://boxd.it/p2zw
2022-06-23,In the Mood for Love,2000,https://boxd.it/29tE
2022-07-24,Another Round,2020,https://boxd.it/lkba
2022-07-31,The Fly,1986,https://boxd.it/1YIe
2022-08-16,Bullet Train,2022,https://boxd.it/qW26
2022-08-17,On the Count of Three,2021,https://boxd.it/tbfI
2022-08-20,Widows,2018,https://boxd.it/e6gc
2022-08-21,Triangle of Sadness,2022,https://boxd.it/hXlq
2022-08-22,Under the Banner of Heaven,2022,https://boxd.it/zMlA
2022-09-05,Easy Rider,1969,https://boxd.it/29Ys
2022-09-20,Incantation,2022,https://boxd.it/wFiI
2022-09-20,The Innocents,2021,https://boxd.it/oAlc
2022-09-20,Let the Right One In,2008,https://boxd.it/1Qr0
2022-09-20,Saloum,2021,https://boxd.it/wp1w
2022-09-20,Speak No Evil,2022,https://boxd.it/vqlg
2022-09-20,Watcher,2022,https://boxd.it/uocO
2022-09-20,Do Revenge,2022,https://boxd.it/sFiA
2022-10-15,Werewolf by Night,2022,https://boxd.it/xMrO
2022-10-21,Ghostwatch,1992,https://boxd.it/MIO
2022-11-05,The Woman King,2022,https://boxd.it/r9a8
2022-11-05,No Country for Old Men,2007,https://boxd.it/21ew
2022-11-23,The Fabelmans,2022,https://boxd.it/ugoM
2023-01-10,Sexy Beast,2000,https://boxd.it/1SZS
2023-03-01,Lamb,2021,https://boxd.it/tFwE
2023-05-16,Where the Heart Is,2000,https://boxd.it/1VWM
2023-05-18,Waiting...,2005,https://boxd.it/20Pw
2023-05-29,When You're Strange,2009,https://boxd.it/17OI
2023-06-01,The Bank Job,2008,https://boxd.it/1ZL4
2023-06-21,Metropolis,1927,https://boxd.it/71a
2023-07-25,Shame,2011,https://boxd.it/2CxU
2023-07-25,The Seventh Seal,1957,https://boxd.it/2ahO
2023-07-25,Wild Strawberries,1957,https://boxd.it/29ZU
2023-08-11,Talk to Me,2022,https://boxd.it/C6uQ
2023-08-13,They Cloned Tyrone,2023,https://boxd.it/rE7a
2023-08-13,Boys from County Hell,2020,https://boxd.it/pnVS
2023-08-18,Werewolves Within,2021,https://boxd.it/u8fC
2023-08-18,Deadstream,2022,https://boxd.it/xryY
2023-08-18,Vicious Fun,2020,https://boxd.it/riV8
2023-08-19,Mercy Road,2023,https://boxd.it/HnSq
2023-08-20,Bait,2019,https://boxd.it/lac8
2023-08-20,Enys Men,2022,https://boxd.it/rM0m
2023-08-20,The Grandmother,1970,https://boxd.it/RMm
2023-08-24,Host,2020,https://boxd.it/r5O4
2023-08-25,The Blackening,2022,https://boxd.it/C6VM
2023-08-25,Shiva Baby,2020,https://boxd.it/oIv0
2023-08-25,Bottoms,2023,https://boxd.it/uGf2
2023-09-25,Theater Camp,2023,https://boxd.it/Bfbm
2023-09-28,The Wonderful Story of Henry Sugar,2023,https://boxd.it/yNyo
2023-10-14,Totally Killer,2023,https://boxd.it/AOpG
2023-10-14,The Creator,2023,https://boxd.it/oXWq
2024-01-07,The Warriors,1979,https://boxd.it/1TLC
2024-01-10,Beau Is Afraid,2023,https://boxd.it/u2gE
2024-01-10,Inherent Vice,2014,https://boxd.it/5hla
2024-01-10,Apollo 13,1995,https://boxd.it/2a6G
2024-01-19,The Enigma of Kaspar Hauser,1974,https://boxd.it/1Tba
2024-01-27,Return to Seoul,2022,https://boxd.it/zXDg
2024-01-28,The Holdovers,2023,https://boxd.it/vHza
2024-02-23,The Forgotten C,2020,https://boxd.it/t68s
2024-03-23,Immaculate,2024,https://boxd.it/Douw
2024-04-24,Abigail,2024,https://boxd.it/G0NA
2024-06-01,The Last Temptation of Christ,1988,https://boxd.it/1ULe
2024-06-01,WHAM!,2023,https://boxd.it/GSAU
2024-06-05,Bus Stop,1956,https://boxd.it/1yvo
2024-06-05,How to Marry a Millionaire,1953,https://boxd.it/1WBq
2024-06-10,American Fiction,2023,https://boxd.it/DYHm
2024-06-10,In the Aisles,2018,https://boxd.it/hMNe
2024-06-10,Champions,2023,https://boxd.it/zbna
2024-06-12,Invasion of the Body Snatchers,1978,https://boxd.it/1SWk
2024-06-12,The Blair Witch Project,1999,https://boxd.it/26ua
2024-06-12,Crimes of the Future,2022,https://boxd.it/uTuY
2024-06-12,Videodrome,1983,https://boxd.it/29uC
2024-06-12,A History of Violence,2005,https://boxd.it/2bfa
2024-06-12,Cure,1997,https://boxd.it/1blA
2024-06-12,Encounters of the Spooky Kind,1980,https://boxd.it/1LEe
2024-06-20,Shottas,2002,https://boxd.it/1PjO
2024-06-20,Wreck,2020,https://boxd.it/stRI
2024-06-20,Reality,2023,https://boxd.it/BeLI
2024-07-14,MaXXXine,2024,https://boxd.it/CIM4
2024-08-14,Flatliners,1990,https://boxd.it/28D4
2024-08-23,The Sadness,2021,https://boxd.it/tcHe
2024-08-23,Creep,2004,https://boxd.it/203C
2024-09-06,Singapore Sling,1990,https://boxd.it/28BC
2024-09-06,Anatomy of a Fall,2023,https://boxd.it/yuDE
2024-09-08,Eden Lake,2008,https://boxd.it/1Q1m
2024-09-27,The Scary of Sixty-First,2021,https://boxd.it/r6uY
2024-10-01,The Conversation,1974,https://boxd.it/2a38
2024-10-18,Thou Shalt Not Steal,2024,https://boxd.it/S0Ve
2024-10-30,Twilight of the Warriors: Walled In,2024,https://boxd.it/yNla
2024-11-01,Wildflower,2022,https://boxd.it/yt94
2024-11-18,The Life of Chuck,2024,https://boxd.it/vMTu
2024-11-30,Terrifier,2016,https://boxd.it/eRzg
2024-12-07,[REC],2007,https://boxd.it/20ma
2024-12-22,Bāhubali: The Beginning,2015,https://boxd.it/7y2y
2025-01-12,Detroit 9000,1973,https://boxd.it/32By
2025-02-07,Grafted,2024,https://boxd.it/JyYo
2025-02-15,Road House,1989,https://boxd.it/1X0g
2025-02-18,Nickel Boys,2024,https://boxd.it/CStQ
2025-02-22,The Perks of Being Wild,2024,https://boxd.it/QsNS
2025-03-08,A Complete Unknown,2024,https://boxd.it/oBYa
2025-04-20,Bra Boys,2007,https://boxd.it/27I8
2025-04-20,Tucker and Dale vs. Evil,2010,https://boxd.it/Mce
2025-04-20,Happy Death Day,2017,https://boxd.it/fDz4
2025-04-20,Willy's Wonderland,2021,https://boxd.it/nTcG
2025-04-20,The Killer Condom,1996,https://boxd.it/1W0k
2025-04-20,Deathgasm,2015,https://boxd.it/avNs
2025-04-20,The Hunt,2020,https://boxd.it/iE9i
2025-04-20,Slaxx,2020,https://boxd.it/ml7K
2025-04-20,Zombeavers,2014,https://boxd.it/7tKg
2025-04-20,Yannick,2023,https://boxd.it/G2es
2025-05-25,It Was Just an Accident,2025,https://boxd.it/TX2k
2025-06-14,Tales from the Hood,1995,https://boxd.it/1wsW
2025-06-16,Heart Eyes,2025,https://boxd.it/NHOK
2025-06-20,Last Swim,2024,https://boxd.it/KNXW
2025-07-02,Bernie,2011,https://boxd.it/3eWe
2025-07-03,Jungle Fever,1991,https://boxd.it/28fG
2025-07-03,Clockers,1995,https://boxd.it/1D7w
2025-07-03,Sucker Free City,2004,https://boxd.it/2U0
2025-07-03,Dinner Rush,2000,https://boxd.it/1Aiw
2025-07-03,Boiling Point,2021,https://boxd.it/uo2u
2025-07-03,True Stories,1986,https://boxd.it/1wXU
2025-07-07,Shifty,2025,https://boxd.it/VJcE
2025-07-21,Deerskin,2019,https://boxd.it/lqOW
2025-08-09,Blow-Up,1966,https://boxd.it/2966
2025-08-09,Le Samouraï,1967,https://boxd.it/22ZI
2025-08-09,High and Low,1963,https://boxd.it/1RSc
2025-08-16,Get Away,2024,https://boxd.it/JB1O
2025-08-18,The Adults,2023,https://boxd.it/EL1u
2025-08-18,Inside,2024,https://boxd.it/KwOy
2025-08-26,Smoking Causes Coughing,2022,https://boxd.it/wVl4
2025-08-26,The Abyss,1989,https://boxd.it/26mK
2025-08-29,Farewell My Concubine,1993,https://boxd.it/1UTM
2025-08-29,Happy Together,1997,https://boxd.it/1Ha0
2025-08-29,Days of Being Wild,1990,https://boxd.it/1HbC
2025-09-10,Shallow Grave,1994,https://boxd.it/1XyW
2025-09-19,Shelby Oaks,2024,https://boxd.it/zmMK
2025-09-22,The Goldfinger,2023,https://boxd.it/v37g
2025-09-27,Blink Twice,2024,https://boxd.it/vIOg
2025-09-30,All of You,2024,https://boxd.it/OmWK
2025-10-02,One Battle After Another,2025,https://boxd.it/DUHM
2025-10-02,Microhabitat,2017,https://boxd.it/hn9o
2025-10-07,Dream Home,2010,https://boxd.it/FoW
2025-10-07,Love in a Puff,2010,https://boxd.it/Y0u
2025-10-07,"You Shoot, I Shoot",2001,https://boxd.it/3gxU
2025-10-07,The Heroic Trio,1993,https://boxd.it/TYu
2025-10-07,Election,2005,https://boxd.it/2lDm
2025-10-07,Throw Down,2004,https://boxd.it/1vme
2025-10-07,My Prince Edward,2019,https://boxd.it/nIKW
2025-10-07,Ballad on the Shore,2017,https://boxd.it/qJWA
2025-10-09,No Other Choice,2025,https://boxd.it/nKiA
2025-10-22,The Midnight After,2014,https://boxd.it/7tPU
2025-10-22,After Hours,1985,https://boxd.it/1VfS
2025-10-22,Frankenhooker,1990,https://boxd.it/1saE
2025-10-22,Helter Skelter,2012,https://boxd.it/3ybW
2025-10-28,Withnail & I,1987,https://boxd.it/1Qa4
2025-10-28,I Swear,2025,https://boxd.it/Og8k
2025-10-30,The Water Monster,2019,https://boxd.it/mM4I
2025-11-13,Burden of Dreams,1982,https://boxd.it/XGk
2025-11-16,Harakiri,1962,https://boxd.it/1NTU
2025-11-21,The Pale Blue Eye,2022,https://boxd.it/u8tk
2025-11-25,The Phoenician Scheme,2025,https://boxd.it/H0Ca
2025-11-25,Freakier Friday,2025,https://boxd.it/GxwW
2025-11-25,Kill Bill: Vol. 1,2003,https://boxd.it/70w
2025-11-25,KPop Demon Hunters,2025,https://boxd.it/ufwK
2025-11-25,The Notebook,2004,https://boxd.it/1UNE
2025-11-25,The Godfather,1972,https://boxd.it/2aNK
2025-11-25,Dune: Part Two,2024,https://boxd.it/pUfA
2025-11-25,Oppenheimer,2023,https://boxd.it/wUow
2025-11-25,Dune,2021,https://boxd.it/fA7G
2025-11-25,Five Nights at Freddy's,2023,https://boxd.it/ikHu
2025-11-25,The Apprentice,2024,https://boxd.it/IPqG
2025-11-25,Brokeback Mountain,2005,https://boxd.it/2b2q
2025-11-25,"Girl, Interrupted",1999,https://boxd.it/25ds
2025-11-25,Blade Runner,1982,https://boxd.it/2bcA
2025-11-25,"Paris, Texas",1984,https://boxd.it/29Ts
2025-11-25,Saving Private Ryan,1998,https://boxd.it/29ro
2025-11-25,I Know What You Did Last Summer,2025,https://boxd.it/EY8y
2025-11-25,Barry Lyndon,1975,https://boxd.it/25A2
2025-11-25,Interview with the Vampire,1994,https://boxd.it/29XO
2025-11-25,The Monkey,2025,https://boxd.it/Gwiu
2025-11-25,Adolescence,2025,https://boxd.it/TFGw
2025-11-25,Dunkirk,2017,https://boxd.it/d0Y6
2025-11-25,Training Day,2001,https://boxd.it/27A4
2025-11-25,Cape Fear,1991,https://boxd.it/28vu
2025-11-25,Chinatown,1974,https://boxd.it/29vU
2025-11-25,The Whale,2022,https://boxd.it/tw4c
2025-11-27,Queer,2024,https://boxd.it/E4RW
2025-11-29,Other People,2016,https://boxd.it/cSTi
2025-12-11,Dust Bunny,2025,https://boxd.it/DtBW
2025-12-14,Film Club,2025,https://boxd.it/Y6su
2025-12-15,Pavements,2024,https://boxd.it/EekI
2025-12-25,Philomena,2013,https://boxd.it/69OA
2025-12-25,The Grandmaster,2013,https://boxd.it/QU0
2025-12-26,Rosetta,1999,https://boxd.it/1TJw
2025-12-26,The Son,2002,https://boxd.it/1cG0
2025-12-26,Mean Streets,1973,https://boxd.it/2aSU
2025-12-26,Raging Bull,1980,https://boxd.it/28yI
2025-12-26,The King of Comedy,1982,https://boxd.it/2aJS
2025-12-26,Silence,2016,https://boxd.it/2cAo
2025-12-26,"Seeing, Searching, Being: William Segal",2010,https://boxd.it/9Yre
2025-12-29,Fackham Hall,2025,https://boxd.it/Izmo
2026-01-01,Corky Romano,2001,https://boxd.it/1Ibe
2026-01-01,Dirty Work,1998,https://boxd.it/1NOg
2026-01-01,American Movie,1999,https://boxd.it/1Oty
2026-01-01,Hoop Dreams,1994,https://boxd.it/1Opc
2026-01-09,The Great Outdoors,1988,https://boxd.it/26yw
2026-01-17,Hell or High Water,2016,https://boxd.it/bfGM
2026-01-17,Set It Up,2018,https://boxd.it/dpik
2026-01-21,If I Had Legs I'd Kick You,2025,https://boxd.it/HUtS
2026-01-21,The Harder They Come,1972,https://boxd.it/20RC
2026-01-22,What Lies Beneath,2000,https://boxd.it/26v8
2026-01-28,Countryman,1982,https://boxd.it/1azG
2026-01-28,The Stepford Wives,1975,https://boxd.it/1Sfq
2026-01-30,John Candy: I Like Me,2025,https://boxd.it/VrXM
2026-02-09,Hush,2016,https://boxd.it/d5ys
